Date,TheValue
2018-03-13,7.07
2018-03-12,7.07
2018-03-09,7.07
2018-03-08,7.07
2018-03-07,7.07
2018-03-06,7.07
2018-03-05,7.07
2018-03-02,7.07
2018-03-01,7.04
2018-02-28,7.04
2018-02-27,7.04
2018-02-26,7.04
2018-02-23,7.04
2018-02-22,7.08
2018-02-21,7.08
2018-02-20,7.08
2018-02-19,7.08
2018-02-16,7.08
2018-02-15,7.14
2018-02-14,7.14
2018-02-13,7.14
2018-02-12,7.14
2018-02-09,7.14
2018-02-08,7.18
2018-02-07,7.18
2018-02-06,7.18
2018-02-05,7.18
2018-02-02,7.18
2018-02-01,7.21
2018-01-31,7.21
2018-01-30,7.21
2018-01-29,7.21
2018-01-26,7.21
2018-01-25,7.24
2018-01-24,7.24
2018-01-23,7.24
2018-01-22,7.24
2018-01-19,7.24
2018-01-18,7.27
2018-01-17,7.27
2018-01-16,7.27
2018-01-15,7.27
2018-01-12,7.27
2018-01-11,7.44
2018-01-10,7.44
2018-01-09,7.44
2018-01-08,7.44
2018-01-05,7.44
2018-01-04,7.49
2018-01-03,7.49
2018-01-02,7.49
2017-12-29,7.49
2017-12-28,7.53
2017-12-27,7.53
2017-12-22,7.53
2017-12-21,7.60
2017-12-20,7.60
2017-12-19,7.60
2017-12-18,7.60
2017-12-15,7.60
2017-12-14,7.50
2017-12-13,7.50
2017-12-12,7.50
2017-12-11,7.50
2017-12-08,7.50
2017-12-07,7.52
2017-12-06,7.52
2017-12-05,7.52
2017-12-04,7.52
2017-12-01,7.52
2017-11-30,7.56
2017-11-29,7.56
2017-11-28,7.56
2017-11-27,7.56
2017-11-24,7.56
2017-11-23,7.45
2017-11-22,7.45
2017-11-21,7.45
2017-11-20,7.45
2017-11-17,7.45
2017-11-16,7.42
2017-11-15,7.42
2017-11-14,7.42
2017-11-13,7.42
2017-11-10,7.42
2017-11-09,7.39
2017-11-08,7.39
2017-11-07,7.39
2017-11-06,7.39
2017-11-03,7.39
2017-11-02,7.40
2017-11-01,7.40
2017-10-31,7.40
2017-10-30,7.40
2017-10-27,7.40
2017-10-26,7.27
2017-10-25,7.27
2017-10-24,7.27
2017-10-23,7.27
2017-10-20,7.27
2017-10-19,7.27
2017-10-18,7.27
2017-10-17,7.27
2017-10-16,7.27
2017-10-14,7.27
2017-10-13,7.27
2017-10-12,7.25
2017-10-11,7.25
2017-10-10,7.25
2017-10-09,7.25
2017-10-07,7.25
2017-10-06,7.25
2017-10-05,7.11
2017-10-04,7.11
2017-10-03,7.11
2017-10-02,7.11
2017-09-29,7.11
2017-09-28,7.07
2017-09-27,7.07
2017-09-26,7.07
2017-09-23,7.07
2017-09-22,7.07
2017-09-21,7.07
2017-09-20,7.07
2017-09-19,7.07
2017-09-18,7.07
2017-09-15,7.07
2017-09-14,7.11
2017-09-13,7.11
2017-09-12,7.11
2017-09-11,7.11
2017-09-08,7.11
2017-09-07,7.13
2017-09-06,7.13
2017-09-05,7.13
2017-09-04,7.13
2017-09-02,7.13
2017-09-01,7.13
2017-08-31,7.16
2017-08-30,7.16
2017-08-29,7.16
2017-08-28,7.16
2017-08-26,7.16
2017-08-25,7.16
2017-08-24,7.18
2017-08-23,7.18
2017-08-22,7.18
2017-08-21,7.18
2017-08-18,7.18
2017-08-17,7.19
2017-08-16,7.19
2017-08-15,7.19
2017-08-14,7.19
2017-08-11,7.19
2017-08-10,7.18
2017-08-08,7.18
2017-08-07,7.18
2017-08-04,7.18
2017-08-03,7.15
2017-08-02,7.15
2017-08-01,7.15
2017-07-31,7.15
2017-07-28,7.15
2017-07-27,7.09
2017-07-26,7.09
2017-07-25,7.09
2017-07-24,7.09
2017-07-21,7.09
2017-07-20,7.42
2017-07-19,7.42
2017-07-18,7.42
2017-07-17,7.42
2017-07-15,7.42
2017-07-14,7.42
2017-07-13,7.43
2017-07-12,7.43
2017-07-11,7.43
2017-07-10,7.43
2017-07-07,7.43
2017-07-06,7.44
2017-07-05,7.44
2017-07-04,7.44
2017-07-03,7.44
2017-06-30,7.44
2017-06-29,7.32
2017-06-28,7.32
2017-06-27,7.32
2017-06-26,7.32
2017-06-23,7.32
2017-06-22,7.33
2017-06-21,7.33
2017-06-20,7.33
2017-06-19,7.33
2017-06-15,7.33
2017-06-14,7.33
2017-06-13,7.33
2017-06-12,7.33
2017-06-10,7.33
2017-06-09,7.33
2017-06-08,7.36
2017-06-07,7.36
2017-06-06,7.36
2017-06-05,7.36
2017-06-02,7.36
2017-06-01,7.39
2017-05-31,7.39
2017-05-30,7.39
2017-05-29,7.39
2017-05-27,7.39
2017-05-26,7.39
2017-05-25,7.44
2017-05-24,7.44
2017-05-23,7.44
2017-05-22,7.44
2017-05-20,7.44
2017-05-19,7.44
2017-05-18,7.46
2017-05-17,7.46
2017-05-16,7.46
2017-05-15,7.46
2017-05-13,7.46
2017-05-12,7.46
2017-05-11,7.44
2017-05-10,7.44
2017-05-09,7.44
2017-05-08,7.44
2017-05-06,7.44
2017-05-05,7.44
2017-05-04,7.43
2017-05-03,7.43
2017-05-02,7.43
2017-04-29,7.43
2017-04-28,7.43
2017-04-26,7.44
2017-04-25,7.44
2017-04-24,7.44
2017-04-22,7.44
2017-04-21,7.44
2017-04-20,7.49
2017-04-19,7.49
2017-04-18,7.49
2017-04-14,7.49
2017-04-13,7.49
2017-04-12,7.42
2017-04-11,7.42
2017-04-10,7.42
2017-04-08,7.42
2017-04-07,7.42
2017-04-06,7.29
2017-04-05,7.29
2017-04-04,7.29
2017-04-03,7.29
2017-04-01,7.29
2017-03-31,7.29
2017-03-30,7.26
2017-03-29,7.26
2017-03-28,7.26
2017-03-27,7.26
2017-03-24,7.26
2017-03-23,7.24
2017-03-22,7.24
2017-03-20,7.24
2017-03-18,7.24
2017-03-17,7.24
2017-03-16,7.26
2017-03-15,7.26
2017-03-14,7.26
2017-03-13,7.26
2017-03-11,7.26
2017-03-10,7.26
2017-03-09,7.17
2017-03-08,7.17
2017-03-07,7.17
2017-03-06,7.17
2017-03-04,7.17
2017-03-03,7.17
2017-03-02,7.19
2017-03-01,7.19
2017-02-28,7.19
2017-02-27,7.19
2017-02-25,7.19
2017-02-24,7.19
2017-02-23,7.23
2017-02-22,7.23
2017-02-21,7.23
2017-02-20,7.23
2017-02-18,7.23
2017-02-17,7.23
2017-02-16,7.27
2017-02-15,7.27
2017-02-14,7.27
2017-02-13,7.27
2017-02-11,7.27
2017-02-10,7.27
2017-02-09,7.31
2017-02-08,7.31
2017-02-07,7.31
2017-02-06,7.31
2017-02-04,7.31
2017-02-03,7.31
2017-02-02,7.36
2017-02-01,7.36
2017-01-31,7.36
2017-01-30,7.36
2017-01-28,7.36
2017-01-27,7.36
2017-01-26,7.39
2017-01-25,7.39
2017-01-24,7.39
2017-01-23,7.39
2017-01-21,7.39
2017-01-20,7.39
2017-01-19,7.45
2017-01-18,7.45
2017-01-17,7.45
2017-01-16,7.45
2017-01-14,7.45
2017-01-13,7.45
2017-01-12,7.53
2017-01-11,7.53
2017-01-10,7.53
2017-01-09,7.53
2017-01-07,7.53
2017-01-06,7.53
2017-01-05,7.64
2017-01-04,7.64
2017-01-03,7.64
2016-12-31,7.64
2016-12-30,7.64
2016-12-29,7.63
2016-12-28,7.63
2016-12-24,7.63
2016-12-23,7.63
2016-12-22,7.61
2016-12-21,7.61
2016-12-20,7.61
2016-12-19,7.61
2016-12-17,7.61
2016-12-15,7.61
2016-12-14,7.57
2016-12-13,7.57
2016-12-12,7.57
2016-12-10,7.57
2016-12-09,7.57
2016-12-08,7.62
2016-12-07,7.62
2016-12-06,7.62
2016-12-05,7.62
2016-12-03,7.62
2016-12-02,7.62
2016-12-01,7.60
2016-11-30,7.60
2016-11-29,7.60
2016-11-28,7.60
2016-11-26,7.60
2016-11-25,7.60
2016-11-24,7.51
2016-11-23,7.51
2016-11-22,7.51
2016-11-21,7.51
2016-11-19,7.51
2016-11-18,7.51
2016-11-17,7.47
2016-11-16,7.47
2016-11-15,7.47
2016-11-14,7.47
2016-11-12,7.47
2016-11-11,7.47
2016-11-10,7.39
2016-11-09,7.39
2016-11-08,7.39
2016-11-07,7.39
2016-11-05,7.39
2016-11-04,7.39
2016-11-03,7.40
2016-11-02,7.40
2016-11-01,7.40
2016-10-31,7.40
2016-10-29,7.40
2016-10-28,7.40
2016-10-27,7.41
2016-10-26,7.41
2016-10-25,7.41
2016-10-24,7.41
2016-10-22,7.41
2016-10-21,7.41
2016-10-20,7.39
2016-10-19,7.39
2016-10-18,7.39
2016-10-17,7.39
2016-10-15,7.39
2016-10-14,7.39
2016-10-13,7.31
2016-10-12,7.31
2016-10-11,7.31
2016-10-10,7.31
2016-10-08,7.31
2016-10-07,7.31
2016-10-06,7.23
2016-10-05,7.23
2016-10-04,7.23
2016-10-03,7.23
2016-10-01,7.23
2016-09-30,7.23
2016-09-29,7.23
2016-09-28,7.23
2016-09-27,7.23
2016-09-26,7.23
2016-09-24,7.23
2016-09-23,7.23
2016-09-22,7.27
2016-09-21,7.27
2016-09-20,7.27
2016-09-19,7.27
2016-09-17,7.27
2016-09-16,7.27
2016-09-15,7.31
2016-09-14,7.31
2016-09-13,7.31
2016-09-12,7.31
2016-09-10,7.31
2016-09-09,7.31
2016-09-08,7.36
2016-09-07,7.36
2016-09-06,7.36
2016-09-05,7.36
2016-09-03,7.36
2016-09-02,7.36
2016-09-01,7.35
2016-08-31,7.35
2016-08-30,7.35
2016-08-29,7.35
2016-08-27,7.35
2016-08-26,7.35
2016-08-25,7.24
2016-08-24,7.24
2016-08-23,7.24
2016-08-22,7.24
2016-08-20,7.24
2016-08-19,7.24
2016-08-18,7.28
2016-08-17,7.28
2016-08-16,7.28
2016-08-15,7.28
2016-08-13,7.28
2016-08-12,7.28
2016-08-11,7.31
2016-08-10,7.31
2016-08-08,7.31
2016-08-06,7.31
2016-08-05,7.31
2016-08-04,7.33
2016-08-02,7.33
2016-08-01,7.33
2016-07-30,7.33
2016-07-29,7.33
2016-07-28,7.36
2016-07-27,7.36
2016-07-26,7.36
2016-07-25,7.36
2016-07-23,7.36
2016-07-22,7.36
2016-07-21,7.39
2016-07-20,7.39
2016-07-19,7.39
2016-07-18,7.39
2016-07-16,7.39
2016-07-15,7.39
2016-07-14,7.39
2016-07-13,7.39
2016-07-12,7.39
2016-07-11,7.39
2016-07-09,7.39
2016-07-08,7.39
2016-07-07,7.27
2016-07-06,7.27
2016-07-05,7.27
2016-07-04,7.27
2016-07-02,7.27
2016-07-01,7.27
2016-06-30,7.22
2016-06-29,7.22
2016-06-28,7.22
2016-06-27,7.22
2016-06-25,7.22
2016-06-24,7.22
2016-06-23,7.19
2016-06-22,7.19
2016-06-21,7.19
2016-06-20,7.19
2016-06-18,7.19
2016-06-17,7.19
2016-06-15,7.19
2016-06-14,7.19
2016-06-13,7.19
2016-06-11,7.19
2016-06-10,7.19
2016-06-09,7.19
2016-06-08,7.19
2016-06-07,7.19
2016-06-06,7.19
2016-06-04,7.19
2016-06-03,7.19
2016-06-02,7.17
2016-06-01,7.17
2016-05-31,7.17
2016-05-30,7.17
2016-05-28,7.17
2016-05-27,7.17
2016-05-26,7.15
2016-05-25,7.15
2016-05-24,7.15
2016-05-23,7.15
2016-05-21,7.15
2016-05-20,7.15
2016-05-19,7.17
2016-05-18,7.17
2016-05-17,7.17
2016-05-16,7.17
2016-05-14,7.17
2016-05-13,7.17
2016-05-12,7.15
2016-05-11,7.15
2016-05-10,7.15
2016-05-09,7.15
2016-05-07,7.15
2016-05-06,7.15
2016-05-05,7.15
2016-05-04,7.15
2016-05-03,7.15
2016-04-30,7.15
2016-04-29,7.15
2016-04-28,7.16
2016-04-26,7.16
2016-04-25,7.16
2016-04-23,7.16
2016-04-22,7.16
2016-04-21,7.16
2016-04-20,7.16
2016-04-19,7.16
2016-04-18,7.16
2016-04-16,7.16
2016-04-15,7.16
2016-04-14,7.22
2016-04-13,7.22
2016-04-12,7.22
2016-04-11,7.22
2016-04-09,7.22
2016-04-08,7.22
2016-04-07,7.18
2016-04-06,7.18
2016-04-05,7.18
2016-04-04,7.18
2016-04-02,7.18
2016-04-01,7.18
2016-03-31,7.11
2016-03-30,7.11
2016-03-29,7.11
2016-03-26,7.11
2016-03-24,7.11
2016-03-23,7.10
2016-03-22,7.10
2016-03-19,7.10
2016-03-18,7.10
2016-03-17,7.01
2016-03-16,7.01
2016-03-15,7.01
2016-03-14,7.01
2016-03-12,7.01
2016-03-11,7.01
2016-03-10,7.01
2016-03-09,7.01
2016-03-08,7.01
2016-03-07,7.01
2016-03-05,7.01
2016-03-04,7.01
2016-03-03,6.97
2016-03-02,6.97
2016-03-01,6.97
2016-02-29,6.97
2016-02-27,6.97
2016-02-26,6.97
2016-02-25,6.92
2016-02-24,6.92
2016-02-23,6.92
2016-02-22,6.92
2016-02-20,6.92
2016-02-19,6.92
2016-02-18,6.93
2016-02-17,6.93
2016-02-16,6.93
2016-02-15,6.93
2016-02-13,6.93
2016-02-12,6.93
2016-02-11,6.92
2016-02-10,6.92
2016-02-09,6.92
2016-02-08,6.92
2016-02-06,6.92
2016-02-05,6.92
2016-02-04,6.94
2016-02-03,6.94
2016-02-02,6.94
2016-02-01,6.94
2016-01-30,6.94
2016-01-29,6.94
2016-01-28,6.85
2016-01-27,6.85
2016-01-26,6.85
2016-01-25,6.85
2016-01-23,6.85
2016-01-22,6.85
2016-01-21,6.83
2016-01-20,6.83
2016-01-19,6.83
2016-01-18,6.83
2016-01-16,6.83
2016-01-15,6.83
2016-01-14,6.84
2016-01-13,6.84
2016-01-12,6.84
2016-01-11,6.84
2016-01-09,6.84
2016-01-08,6.84
2016-01-07,6.89
2016-01-06,6.89
2016-01-05,6.89
2016-01-04,6.89
2016-01-02,6.89
2016-01-01,6.89
2015-12-31,6.89
2015-12-30,6.83
2015-12-29,6.83
2015-12-28,6.83
2015-12-24,6.83
2015-12-23,6.80
2015-12-22,6.80
2015-12-21,6.80
2015-12-19,6.80
2015-12-18,6.80
2015-12-17,6.98
2015-12-15,6.98
2015-12-14,6.98
2015-12-12,6.98
2015-12-11,6.98
2015-12-10,6.52
2015-12-09,6.52
2015-12-08,6.52
2015-12-07,6.52
2015-12-05,6.52
2015-12-04,6.52
2015-12-03,6.48
2015-12-02,6.48
2015-12-01,6.48
2015-11-30,6.48
2015-11-28,6.48
2015-11-27,6.48
2015-11-26,6.45
2015-11-25,6.45
2015-11-24,6.45
2015-11-23,6.45
2015-11-21,6.45
2015-11-20,6.45
2015-11-19,6.33
2015-11-18,6.33
2015-11-17,6.33
2015-11-16,6.33
2015-11-14,6.33
2015-11-13,6.33
2015-11-12,6.24
2015-11-11,6.24
2015-11-10,6.24
2015-11-09,6.24
2015-11-07,6.24
2015-11-06,6.24
2015-11-05,6.18
2015-11-04,6.18
2015-11-03,6.18
2015-11-02,6.18
2015-10-31,6.18
2015-10-30,6.18
2015-10-29,6.11
2015-10-28,6.11
2015-10-27,6.11
2015-10-26,6.11
2015-10-24,6.11
2015-10-23,6.11
2015-10-22,6.12
2015-10-21,6.12
2015-10-20,6.12
2015-10-19,6.12
2015-10-17,6.12
2015-10-16,6.12
2015-10-15,6.18
2015-10-14,6.18
2015-10-13,6.18
2015-10-12,6.18
2015-10-10,6.18
2015-10-09,6.18
2015-10-08,6.20
2015-10-07,6.20
2015-10-06,6.20
2015-10-05,6.20
2015-10-02,6.20
2015-10-01,6.19
2015-09-30,6.19
2015-09-29,6.19
2015-09-28,6.19
2015-09-26,6.19
2015-09-25,6.19
2015-09-23,6.21
2015-09-22,6.21
2015-09-21,6.21
2015-09-19,6.21
2015-09-18,6.21
2015-09-17,6.32
2015-09-16,6.32
2015-09-15,6.32
2015-09-14,6.32
2015-09-11,6.32
2015-09-10,6.26
2015-09-09,6.26
2015-09-08,6.26
2015-09-07,6.26
2015-09-05,6.26
2015-09-04,6.26
2015-09-03,6.19
2015-09-02,6.19
2015-09-01,6.19
2015-08-31,6.19
2015-08-29,6.19
2015-08-28,6.19
2015-08-27,6.15
2015-08-26,6.15
2015-08-25,6.15
2015-08-24,6.15
2015-08-22,6.15
2015-08-21,6.15
2015-08-20,6.16
2015-08-19,6.16
2015-08-18,6.16
2015-08-17,6.16
2015-08-15,6.16
2015-08-14,6.16
2015-08-13,6.17
2015-08-12,6.17
2015-08-11,6.17
2015-08-08,6.17
2015-08-07,6.17
2015-08-06,6.16
2015-08-05,6.16
2015-08-04,6.16
2015-08-03,6.16
2015-08-01,6.16
2015-07-31,6.16
2015-07-30,6.04
2015-07-29,6.04
2015-07-28,6.04
2015-07-27,6.04
2015-07-25,6.04
2015-07-24,6.04
2015-07-23,5.97
2015-07-22,5.97
2015-07-21,5.97
2015-07-20,5.97
2015-07-18,5.97
2015-07-17,5.97
2015-07-16,6.06
2015-07-15,6.06
2015-07-14,6.06
2015-07-13,6.06
2015-07-11,6.06
2015-07-10,6.06
2015-07-09,6.04
2015-07-08,6.04
2015-07-07,6.04
2015-07-06,6.04
2015-07-03,6.04
2015-07-02,6.06
2015-07-01,6.06
2015-06-30,6.06
2015-06-29,6.06
2015-06-27,6.06
2015-06-26,6.06
2015-06-25,5.72
2015-06-24,5.72
2015-06-23,5.72
2015-06-22,5.72
2015-06-20,5.72
2015-06-19,5.72
2015-06-18,5.71
2015-06-17,5.71
2015-06-15,5.71
2015-06-13,5.71
2015-06-12,5.71
2015-06-11,5.70
2015-06-10,5.70
2015-06-09,5.70
2015-06-08,5.70
2015-06-06,5.70
2015-06-05,5.70
2015-06-04,5.69
2015-06-03,5.69
2015-06-02,5.69
2015-06-01,5.69
2015-05-30,5.69
2015-05-29,5.69
2015-05-28,5.68
2015-05-27,5.68
2015-05-26,5.68
2015-05-25,5.68
2015-05-23,5.68
2015-05-22,5.68
2015-05-21,5.70
2015-05-20,5.70
2015-05-19,5.70
2015-05-18,5.70
2015-05-16,5.70
2015-05-15,5.70
2015-05-14,5.77
2015-05-13,5.77
2015-05-12,5.77
2015-05-11,5.77
2015-05-08,5.77
2015-05-07,5.78
2015-05-06,5.78
2015-05-05,5.78
2015-05-04,5.78
2015-04-30,5.78
2015-04-29,5.77
2015-04-28,5.77
2015-04-25,5.77
2015-04-24,5.77
2015-04-23,5.80
2015-04-22,5.80
2015-04-21,5.80
2015-04-20,5.80
2015-04-18,5.80
2015-04-17,5.80
2015-04-16,5.80
2015-04-15,5.80
2015-04-14,5.80
2015-04-13,5.80
2015-04-10,5.80
2015-04-09,5.81
2015-04-08,5.81
2015-04-07,5.81
2015-04-02,5.81
2015-04-01,5.78
2015-03-31,5.78
2015-03-30,5.78
2015-03-28,5.78
2015-03-27,5.78
2015-03-26,5.77
2015-03-25,5.77
2015-03-24,5.77
2015-03-23,5.77
2015-03-21,5.77
2015-03-20,5.77
2015-03-19,5.79
2015-03-18,5.79
2015-03-17,5.79
2015-03-16,5.79
2015-03-14,5.79
2015-03-13,5.79
2015-03-12,5.81
2015-03-11,5.81
2015-03-10,5.81
2015-03-09,5.81
2015-03-07,5.81
2015-03-06,5.81
2015-03-05,5.84
2015-03-04,5.84
2015-03-03,5.84
2015-03-02,5.84
2015-02-28,5.84
2015-02-27,5.84
2015-02-26,5.86
2015-02-25,5.86
2015-02-24,5.86
2015-02-23,5.86
2015-02-20,5.86
2015-02-19,5.90
2015-02-18,5.90
2015-02-17,5.90
2015-02-16,5.90
2015-02-13,5.90
2015-02-12,5.89
2015-02-11,5.89
2015-02-10,5.89
2015-02-09,5.89
2015-02-06,5.89
2015-02-05,5.91
2015-02-04,5.91
2015-02-03,5.91
2015-02-02,5.91
2015-01-30,5.91
2015-01-29,5.91
2015-01-28,5.91
2015-01-27,5.91
2015-01-26,5.91
2015-01-23,5.91
2015-01-22,5.97
2015-01-21,5.97
2015-01-20,5.97
2015-01-19,5.97
2015-01-16,5.97
2015-01-15,6.04
2015-01-14,6.04
2015-01-13,6.04
2015-01-12,6.04
2015-01-09,6.04
2015-01-08,6.13
2015-01-07,6.13
2015-01-06,6.13
2015-01-05,6.13
2015-01-02,6.13
2014-12-31,6.12
2014-12-30,6.12
2014-12-29,6.12
2014-12-27,6.12
2014-12-26,6.12
2014-12-24,6.09
2014-12-23,6.09
2014-12-22,6.09
2014-12-20,6.09
2014-12-19,6.09
2014-12-18,6.03
2014-12-17,6.03
2014-12-15,6.03
2014-12-13,6.03
2014-12-12,6.03
2014-12-11,6.00
2014-12-10,6.00
2014-12-09,6.00
2014-12-08,6.00
2014-12-06,6.00
2014-12-05,6.00
2014-12-04,5.96
2014-12-03,5.96
2014-12-02,5.96
2014-12-01,5.96
2014-11-28,5.96
2014-11-27,5.91
2014-11-26,5.91
2014-11-25,5.91
2014-11-24,5.91
2014-11-22,5.91
2014-11-21,5.91
2014-11-20,5.85
2014-11-19,5.85
2014-11-18,5.85
2014-11-17,5.85
2014-11-14,5.85
2014-11-13,5.75
2014-11-12,5.75
2014-11-11,5.75
2014-11-10,5.75
2014-11-08,5.75
2014-11-07,5.75
2014-11-06,5.78
2014-11-05,5.78
2014-11-04,5.78
2014-11-03,5.78
2014-11-01,5.78
2014-10-31,5.78
2014-10-30,5.82
2014-10-29,5.82
2014-10-28,5.82
2014-10-27,5.82
2014-10-25,5.82
2014-10-24,5.82
2014-10-23,5.87
2014-10-22,5.87
2014-10-21,5.87
2014-10-20,5.87
2014-10-18,5.87
2014-10-17,5.87
2014-10-16,5.93
2014-10-15,5.93
2014-10-14,5.93
2014-10-13,5.93
2014-10-11,5.93
2014-10-10,5.93
2014-10-09,5.96
2014-10-08,5.96
2014-10-07,5.96
2014-10-06,5.96
2014-10-04,5.96
2014-10-03,5.96
2014-10-02,5.97
2014-10-01,5.97
2014-09-30,5.97
2014-09-29,5.97
2014-09-27,5.97
2014-09-26,5.97
2014-09-25,5.99
2014-09-23,5.99
2014-09-22,5.99
2014-09-20,5.99
2014-09-19,5.99
2014-09-18,6.01
2014-09-17,6.01
2014-09-16,6.01
2014-09-15,6.01
2014-09-13,6.01
2014-09-12,6.01
2014-09-11,6.01
2014-09-10,6.01
2014-09-09,6.01
2014-09-08,6.01
2014-09-06,6.01
2014-09-05,6.01
2014-09-04,6.01
2014-09-03,6.01
2014-09-02,6.01
2014-09-01,6.01
2014-08-30,6.01
2014-08-29,6.01
2014-08-28,6.02
2014-08-27,6.02
2014-08-26,6.02
2014-08-25,6.02
2014-08-23,6.02
2014-08-22,6.02
2014-08-21,6.02
2014-08-20,6.02
2014-08-19,6.02
2014-08-18,6.02
2014-08-16,6.02
2014-08-15,6.02
2014-08-14,5.98
2014-08-13,5.98
2014-08-12,5.98
2014-08-11,5.98
2014-08-09,5.98
2014-08-08,5.98
2014-08-07,6.00
2014-08-06,6.00
2014-08-05,6.00
2014-08-04,6.00
2014-08-01,6.00
2014-07-31,6.02
2014-07-30,6.02
2014-07-29,6.02
2014-07-28,6.02
2014-07-26,6.02
2014-07-25,6.02
2014-07-24,6.05
2014-07-23,6.05
2014-07-22,6.05
2014-07-21,6.05
2014-07-19,6.05
2014-07-18,6.05
2014-07-17,6.05
2014-07-16,6.05
2014-07-15,6.05
2014-07-14,6.05
2014-07-12,6.05
2014-07-11,6.05
2014-07-10,6.03
2014-07-09,6.03
2014-07-08,6.03
2014-07-07,6.03
2014-07-05,6.03
2014-07-04,6.03
2014-07-03,5.97
2014-07-02,5.97
2014-07-01,5.97
2014-06-30,5.97
2014-06-28,5.97
2014-06-27,5.97
2014-06-26,5.86
2014-06-25,5.86
2014-06-24,5.86
2014-06-23,5.86
2014-06-21,5.86
2014-06-20,5.86
2014-06-19,5.78
2014-06-18,5.78
2014-06-17,5.78
2014-06-14,5.78
2014-06-13,5.78
2014-06-12,5.71
2014-06-11,5.71
2014-06-10,5.71
2014-06-09,5.71
2014-06-07,5.71
2014-06-06,5.71
2014-06-05,5.70
2014-06-04,5.70
2014-06-03,5.70
2014-06-02,5.70
2014-05-31,5.70
2014-05-30,5.70
2014-05-29,5.70
2014-05-28,5.70
2014-05-27,5.70
2014-05-26,5.70
2014-05-24,5.70
2014-05-23,5.70
2014-05-22,5.71
2014-05-21,5.71
2014-05-20,5.71
2014-05-19,5.71
2014-05-17,5.71
2014-05-16,5.71
2014-05-15,5.77
2014-05-14,5.77
2014-05-13,5.77
2014-05-12,5.77
2014-05-10,5.77
2014-05-09,5.77
2014-05-08,5.78
2014-05-06,5.78
2014-05-05,5.78
2014-05-03,5.78
2014-05-02,5.78
2014-04-30,5.77
2014-04-29,5.77
2014-04-26,5.77
2014-04-25,5.77
2014-04-24,5.76
2014-04-23,5.76
2014-04-22,5.76
2014-04-17,5.76
2014-04-16,5.75
2014-04-15,5.75
2014-04-14,5.75
2014-04-12,5.75
2014-04-11,5.75
2014-04-10,5.71
2014-04-09,5.71
2014-04-08,5.71
2014-04-07,5.71
2014-04-05,5.71
2014-04-04,5.71
2014-04-03,5.66
2014-04-02,5.66
2014-04-01,5.66
2014-03-31,5.66
2014-03-29,5.66
2014-03-28,5.66
2014-03-27,5.73
2014-03-26,5.73
2014-03-25,5.73
2014-03-24,5.73
2014-03-22,5.73
2014-03-20,5.73
2014-03-19,5.70
2014-03-18,5.70
2014-03-17,5.70
2014-03-15,5.70
2014-03-14,5.70
2014-03-13,5.75
2014-03-12,5.75
2014-03-11,5.75
2014-03-10,5.75
2014-03-08,5.75
2014-03-07,5.75
2014-03-06,5.76
2014-03-05,5.76
2014-03-04,5.76
2014-03-03,5.76
2014-03-01,5.76
2014-02-28,5.76
2014-02-27,5.59
2014-02-26,5.59
2014-02-25,5.59
2014-02-24,5.59
2014-02-22,5.59
2014-02-21,5.59
2014-02-20,5.50
2014-02-19,5.50
2014-02-18,5.50
2014-02-17,5.50
2014-02-15,5.50
2014-02-14,5.50
2014-02-13,5.54
2014-02-12,5.54
2014-02-11,5.54
2014-02-10,5.54
2014-02-08,5.54
2014-02-07,5.54
2014-02-06,5.59
2014-02-05,5.59
2014-02-04,5.59
2014-02-03,5.59
2014-02-01,5.59
2014-01-31,5.59
2014-01-30,5.18
2014-01-29,5.18
2014-01-28,5.18
2014-01-27,5.18
2014-01-25,5.18
2014-01-24,5.18
2014-01-23,5.16
2014-01-22,5.16
2014-01-21,5.16
2014-01-20,5.16
2014-01-17,5.16
2014-01-16,5.24
2014-01-15,5.24
2014-01-14,5.24
2014-01-13,5.24
2014-01-11,5.24
2014-01-10,5.24
2014-01-09,5.25
2014-01-08,5.25
2014-01-07,5.25
2014-01-06,5.25
2014-01-04,5.25
2014-01-03,5.25
2014-01-02,5.24
2013-12-31,5.24
2013-12-30,5.24
2013-12-28,5.24
2013-12-27,5.24
2013-12-24,5.18
2013-12-23,5.18
2013-12-21,5.18
2013-12-20,5.18
2013-12-19,5.10
2013-12-18,5.10
2013-12-17,5.10
2013-12-14,5.10
2013-12-13,5.10
2013-12-12,5.08
2013-12-11,5.08
2013-12-10,5.08
2013-12-09,5.08
2013-12-07,5.08
2013-12-06,5.08
2013-12-05,5.13
2013-12-04,5.13
2013-12-03,5.13
2013-12-02,5.13
2013-11-30,5.13
2013-11-29,5.13
2013-11-28,5.12
2013-11-27,5.12
2013-11-26,5.12
2013-11-25,5.12
2013-11-23,5.12
2013-11-22,5.12
2013-11-21,5.06
2013-11-20,5.06
2013-11-19,5.06
2013-11-18,5.06
2013-11-16,5.06
2013-11-15,5.06
2013-11-14,5.03
2013-11-13,5.03
2013-11-12,5.03
2013-11-11,5.03
2013-11-09,5.03
2013-11-08,5.03
2013-11-07,5.07
2013-11-06,5.07
2013-11-05,5.07
2013-11-04,5.07
2013-11-02,5.07
2013-11-01,5.07
2013-10-31,5.05
2013-10-30,5.05
2013-10-29,5.05
2013-10-28,5.05
2013-10-26,5.05
2013-10-25,5.05
2013-10-24,5.05
2013-10-23,5.05
2013-10-22,5.05
2013-10-21,5.05
2013-10-19,5.05
2013-10-18,5.05
2013-10-17,5.03
2013-10-16,5.03
2013-10-15,5.03
2013-10-14,5.03
2013-10-12,5.03
2013-10-11,5.02
2013-10-10,5.02
2013-10-09,5.02
2013-10-08,5.02
2013-10-07,5.02
2013-10-05,5.02
2013-10-04,5.02
2013-10-03,5.04
2013-10-02,5.04
2013-10-01,5.04
2013-09-30,5.04
2013-09-28,5.04
2013-09-27,5.04
2013-09-26,5.05
2013-09-25,5.05
2013-09-23,5.05
2013-09-21,5.05
2013-09-20,5.05
2013-09-19,5.06
2013-09-18,5.06
2013-09-17,5.06
2013-09-16,5.06
2013-09-14,5.06
2013-09-13,5.06
2013-09-12,5.06
2013-09-11,5.06
2013-09-10,5.06
2013-09-09,5.06
2013-09-07,5.06
2013-09-06,5.06
2013-09-05,5.08
2013-09-04,5.08
2013-09-03,5.08
2013-09-02,5.08
2013-08-31,5.08
2013-08-30,5.08
2013-08-29,5.09
2013-08-28,5.09
2013-08-27,5.09
2013-08-26,5.09
2013-08-24,5.09
2013-08-23,5.09
2013-08-22,5.10
2013-08-21,5.10
2013-08-20,5.10
2013-08-19,5.10
2013-08-17,5.10
2013-08-16,5.10
2013-08-15,5.09
2013-08-14,5.09
2013-08-13,5.09
2013-08-12,5.09
2013-08-08,5.09
2013-08-07,5.09
2013-08-06,5.09
2013-08-05,5.09
2013-08-03,5.09
2013-08-02,5.09
2013-08-01,5.09
2013-07-31,5.09
2013-07-30,5.09
2013-07-29,5.09
2013-07-27,5.09
2013-07-26,5.09
2013-07-25,5.12
2013-07-24,5.12
2013-07-23,5.12
2013-07-22,5.12
2013-07-20,5.12
2013-07-19,5.12
2013-07-18,5.12
2013-07-17,5.12
2013-07-16,5.12
2013-07-15,5.12
2013-07-13,5.12
2013-07-12,5.12
2013-07-11,5.14
2013-07-10,5.14
2013-07-09,5.14
2013-07-08,5.14
2013-07-06,5.14
2013-07-05,5.14
2013-07-04,5.15
2013-07-03,5.15
2013-07-02,5.15
2013-07-01,5.15
2013-06-29,5.15
2013-06-28,5.15
2013-06-27,5.16
2013-06-26,5.16
2013-06-25,5.16
2013-06-24,5.16
2013-06-22,5.16
2013-06-21,5.16
2013-06-20,5.14
2013-06-19,5.14
2013-06-18,5.14
2013-06-15,5.14
2013-06-14,5.14
2013-06-13,5.10
2013-06-12,5.10
2013-06-11,5.10
2013-06-10,5.10
2013-06-08,5.10
2013-06-07,5.10
2013-06-06,5.07
2013-06-05,5.07
2013-06-04,5.07
2013-06-03,5.07
2013-06-01,5.07
2013-05-31,5.07
2013-05-30,5.05
2013-05-29,5.05
2013-05-28,5.05
2013-05-27,5.05
2013-05-25,5.05
2013-05-24,5.05
2013-05-23,4.98
2013-05-22,4.98
2013-05-21,4.98
2013-05-20,4.98
2013-05-18,4.98
2013-05-17,4.98
2013-05-16,5.02
2013-05-15,5.02
2013-05-14,5.02
2013-05-13,5.02
2013-05-11,5.02
2013-05-10,5.02
2013-05-09,5.07
2013-05-08,5.07
2013-05-07,5.07
2013-05-06,5.07
2013-05-04,5.07
2013-05-03,5.07
2013-05-02,5.10
2013-04-30,5.10
2013-04-29,5.10
2013-04-26,5.10
2013-04-25,5.11
2013-04-24,5.11
2013-04-23,5.11
2013-04-22,5.11
2013-04-19,5.11
2013-04-18,5.13
2013-04-17,5.13
2013-04-16,5.13
2013-04-15,5.13
2013-04-13,5.13
2013-04-12,5.13
2013-04-11,5.13
2013-04-10,5.13
2013-04-09,5.13
2013-04-08,5.13
2013-04-06,5.13
2013-04-05,5.13
2013-04-04,5.10
2013-04-03,5.10
2013-04-02,5.10
2013-03-30,5.10
2013-03-28,5.08
2013-03-27,5.08
2013-03-26,5.08
2013-03-25,5.08
2013-03-23,5.08
2013-03-22,5.08
2013-03-20,5.03
2013-03-19,5.03
2013-03-18,5.03
2013-03-16,5.03
2013-03-15,5.03
2013-03-14,5.03
2013-03-13,5.03
2013-03-12,5.03
2013-03-11,5.03
2013-03-09,5.03
2013-03-08,5.03
2013-03-07,5.03
2013-03-06,5.03
2013-03-05,5.03
2013-03-04,5.03
2013-03-02,5.03
2013-03-01,5.03
2013-02-28,5.04
2013-02-27,5.04
2013-02-26,5.04
2013-02-25,5.04
2013-02-23,5.04
2013-02-22,5.04
2013-02-21,5.04
2013-02-20,5.04
2013-02-19,5.04
2013-02-18,5.04
2013-02-16,5.04
2013-02-15,5.04
2013-02-14,5.04
2013-02-13,5.04
2013-02-12,5.04
2013-02-11,5.04
2013-02-09,5.04
2013-02-08,5.04
2013-02-07,5.04
2013-02-06,5.04
2013-02-05,5.04
2013-02-04,5.04
2013-02-02,5.04
2013-02-01,5.04
2013-01-31,5.04
2013-01-30,5.04
2013-01-29,5.04
2013-01-28,5.04
2013-01-26,5.04
2013-01-25,5.04
2013-01-24,5.04
2013-01-23,5.04
2013-01-22,5.04
2013-01-21,5.04
2013-01-19,5.04
2013-01-18,5.04
2013-01-17,5.06
2013-01-16,5.06
2013-01-15,5.06
2013-01-14,5.06
2013-01-12,5.06
2013-01-11,5.06
2013-01-10,5.08
2013-01-09,5.08
2013-01-08,5.08
2013-01-07,5.08
2013-01-05,5.08
2013-01-04,5.08
2013-01-03,5.07
2013-01-02,5.07
2012-12-31,5.07
2012-12-29,5.07
2012-12-28,5.07
2012-12-27,5.04
2012-12-24,5.04
2012-12-22,5.04
2012-12-21,5.04
2012-12-20,4.99
2012-12-19,4.99
2012-12-18,4.99
2012-12-15,4.99
2012-12-14,4.99
2012-12-13,4.95
2012-12-12,4.95
2012-12-11,4.95
2012-12-10,4.95
2012-12-08,4.95
2012-12-07,4.95
2012-12-06,4.93
2012-12-05,4.93
2012-12-04,4.93
2012-12-03,4.93
2012-12-01,4.93
2012-11-30,4.93
2012-11-29,4.93
2012-11-28,4.93
2012-11-27,4.93
2012-11-26,4.93
2012-11-24,4.93
2012-11-23,4.93
2012-11-22,4.92
2012-11-21,4.92
2012-11-20,4.92
2012-11-19,4.92
2012-11-17,4.92
2012-11-16,4.92
2012-11-15,4.93
2012-11-14,4.93
2012-11-13,4.93
2012-11-12,4.93
2012-11-10,4.93
2012-11-09,4.93
2012-11-08,4.94
2012-11-07,4.94
2012-11-06,4.94
2012-11-05,4.94
2012-11-03,4.94
2012-11-02,4.94
2012-11-01,4.94
2012-10-31,4.94
2012-10-30,4.94
2012-10-29,4.94
2012-10-27,4.94
2012-10-26,4.94
2012-10-25,4.94
2012-10-24,4.94
2012-10-23,4.94
2012-10-22,4.94
2012-10-20,4.94
2012-10-19,4.94
2012-10-18,4.95
2012-10-17,4.95
2012-10-16,4.95
2012-10-15,4.95
2012-10-13,4.95
2012-10-12,4.95
2012-10-11,4.94
2012-10-10,4.94
2012-10-09,4.94
2012-10-08,4.94
2012-10-06,4.94
2012-10-05,4.94
2012-10-04,4.92
2012-10-03,4.92
2012-10-02,4.92
2012-10-01,4.92
2012-09-29,4.92
2012-09-28,4.92
2012-09-27,4.90
2012-09-26,4.90
2012-09-25,4.90
2012-09-22,4.90
2012-09-21,4.90
2012-09-20,4.93
2012-09-19,4.93
2012-09-18,4.93
2012-09-17,4.93
2012-09-15,4.93
2012-09-14,4.93
2012-09-13,4.95
2012-09-12,4.95
2012-09-11,4.95
2012-09-10,4.95
2012-09-08,4.95
2012-09-07,4.95
2012-09-06,4.99
2012-09-05,4.99
2012-09-04,4.99
2012-09-03,4.99
2012-09-01,4.99
2012-08-31,4.99
2012-08-30,5.02
2012-08-29,5.02
2012-08-28,5.02
2012-08-27,5.02
2012-08-25,5.02
2012-08-24,5.02
2012-08-23,5.05
2012-08-22,5.05
2012-08-21,5.05
2012-08-20,5.05
2012-08-18,5.05
2012-08-17,5.05
2012-08-16,5.07
2012-08-15,5.07
2012-08-14,5.07
2012-08-13,5.07
2012-08-11,5.07
2012-08-10,5.07
2012-08-08,5.08
2012-08-07,5.08
2012-08-06,5.08
2012-08-04,5.08
2012-08-03,5.08
2012-08-02,5.08
2012-08-01,5.08
2012-07-31,5.08
2012-07-30,5.08
2012-07-28,5.08
2012-07-27,5.08
2012-07-26,5.05
2012-07-25,5.05
2012-07-24,5.05
2012-07-23,5.05
2012-07-21,5.05
2012-07-20,5.05
2012-07-19,5.54
2012-07-18,5.54
2012-07-17,5.54
2012-07-16,5.54
2012-07-14,5.54
2012-07-13,5.54
2012-07-12,5.58
2012-07-11,5.58
2012-07-10,5.58
2012-07-09,5.58
2012-07-07,5.58
2012-07-06,5.58
2012-07-05,5.59
2012-07-04,5.59
2012-07-03,5.59
2012-07-02,5.59
2012-06-30,5.59
2012-06-29,5.59
2012-06-28,5.59
2012-06-27,5.59
2012-06-26,5.59
2012-06-25,5.59
2012-06-23,5.59
2012-06-22,5.59
2012-06-21,5.57
2012-06-20,5.57
2012-06-19,5.57
2012-06-18,5.57
2012-06-16,5.57
2012-06-15,5.57
2012-06-14,5.58
2012-06-13,5.58
2012-06-12,5.58
2012-06-11,5.58
2012-06-09,5.58
2012-06-08,5.58
2012-06-07,5.57
2012-06-06,5.57
2012-06-05,5.57
2012-06-04,5.57
2012-06-02,5.57
2012-06-01,5.57
2012-05-31,5.57
2012-05-30,5.57
2012-05-29,5.57
2012-05-28,5.57
2012-05-26,5.57
2012-05-25,5.57
2012-05-24,5.55
2012-05-23,5.55
2012-05-22,5.55
2012-05-21,5.55
2012-05-19,5.55
2012-05-18,5.55
2012-05-17,5.56
2012-05-16,5.56
2012-05-15,5.56
2012-05-14,5.56
2012-05-12,5.56
2012-05-11,5.56
2012-05-10,5.57
2012-05-09,5.57
2012-05-08,5.57
2012-05-07,5.57
2012-05-05,5.57
2012-05-04,5.57
2012-05-03,5.57
2012-05-02,5.57
2012-04-30,5.57
2012-04-28,5.57
2012-04-26,5.57
2012-04-25,5.56
2012-04-24,5.56
2012-04-23,5.56
2012-04-21,5.56
2012-04-20,5.56
2012-04-19,5.56
2012-04-18,5.56
2012-04-17,5.56
2012-04-16,5.56
2012-04-14,5.56
2012-04-13,5.56
2012-04-12,5.57
2012-04-11,5.57
2012-04-10,5.57
2012-04-07,5.57
2012-04-05,5.57
2012-04-04,5.57
2012-04-03,5.57
2012-04-02,5.57
2012-03-31,5.57
2012-03-30,5.57
2012-03-29,5.56
2012-03-28,5.56
2012-03-27,5.56
2012-03-26,5.56
2012-03-24,5.56
2012-03-23,5.56
2012-03-22,5.55
2012-03-20,5.55
2012-03-19,5.55
2012-03-17,5.55
2012-03-16,5.55
2012-03-15,5.53
2012-03-14,5.53
2012-03-13,5.53
2012-03-12,5.53
2012-03-10,5.53
2012-03-09,5.53
2012-03-08,5.53
2012-03-07,5.53
2012-03-06,5.53
2012-03-05,5.53
2012-03-03,5.53
2012-03-02,5.53
2012-03-01,5.53
2012-02-29,5.53
2012-02-28,5.53
2012-02-27,5.53
2012-02-25,5.53
2012-02-24,5.53
2012-02-23,5.51
2012-02-22,5.51
2012-02-21,5.51
2012-02-20,5.51
2012-02-18,5.51
2012-02-17,5.51
2012-02-16,5.50
2012-02-15,5.50
2012-02-14,5.50
2012-02-13,5.50
2012-02-11,5.50
2012-02-10,5.50
2012-02-09,5.49
2012-02-08,5.49
2012-02-07,5.49
2012-02-06,5.49
2012-02-04,5.49
2012-02-03,5.49
2012-02-02,5.47
2012-02-01,5.47
2012-01-31,5.47
2012-01-30,5.47
2012-01-28,5.47
2012-01-27,5.47
2012-01-26,5.47
2012-01-25,5.47
2012-01-24,5.47
2012-01-23,5.47
2012-01-21,5.47
2012-01-20,5.47
2012-01-19,5.47
2012-01-18,5.47
2012-01-17,5.47
2012-01-16,5.47
2012-01-14,5.47
2012-01-13,5.47
2012-01-12,5.47
2012-01-11,5.47
2012-01-10,5.47
2012-01-09,5.47
2012-01-07,5.47
2012-01-06,5.47
2012-01-05,5.47
2012-01-04,5.47
2012-01-03,5.47
2011-12-31,5.47
2011-12-30,5.47
2011-12-29,5.46
2011-12-28,5.46
2011-12-24,5.46
2011-12-23,5.46
2011-12-22,5.43
2011-12-21,5.43
2011-12-20,5.43
2011-12-19,5.43
2011-12-17,5.43
2011-12-15,5.44
2011-12-14,5.44
2011-12-13,5.44
2011-12-12,5.44
2011-12-10,5.44
2011-12-09,5.44
2011-12-08,5.41
2011-12-07,5.41
2011-12-06,5.49
2011-12-05,5.49
2011-12-03,5.49
2011-12-02,5.49
2011-12-01,5.49
2011-11-30,5.49
2011-11-29,5.49
2011-11-28,5.49
2011-11-26,5.49
2011-11-25,5.49
2011-11-24,5.49
2011-11-23,5.49
2011-11-22,5.49
2011-11-21,5.49
2011-11-19,5.49
2011-11-18,5.49
2011-11-17,5.49
2011-11-16,5.49
2011-11-15,5.49
2011-11-14,5.49
2011-11-12,5.49
2011-11-11,5.49
2011-11-10,5.49
2011-11-09,5.49
2011-11-08,5.49
2011-11-07,5.49
2011-11-05,5.49
2011-11-04,5.49
2011-11-03,5.49
2011-11-02,5.49
2011-11-01,5.49
2011-10-31,5.49
2011-10-29,5.49
2011-10-28,5.49
2011-10-27,5.49
2011-10-26,5.49
2011-10-25,5.49
2011-10-24,5.49
2011-10-22,5.49
2011-10-21,5.49
2011-10-20,5.49
2011-10-19,5.49
2011-10-18,5.49
2011-10-17,5.49
2011-10-15,5.49
2011-10-14,5.49
2011-10-13,5.49
2011-10-12,5.49
2011-10-11,5.49
2011-10-10,5.49
2011-10-08,5.49
2011-10-07,5.49
2011-10-06,5.49
2011-10-05,5.49
2011-10-04,5.49
2011-10-03,5.49
2011-10-01,5.49
2011-09-30,5.49
2011-09-29,5.49
2011-09-28,5.49
2011-09-27,5.49
2011-09-26,5.49
2011-09-24,5.49
2011-09-23,5.49
2011-09-22,5.49
2011-09-21,5.49
2011-09-20,5.49
2011-09-19,5.49
2011-09-17,5.49
2011-09-16,5.49
2011-09-15,5.49
2011-09-14,5.49
2011-09-13,5.49
2011-09-12,5.49
2011-09-10,5.49
2011-09-09,5.49
2011-09-08,5.49
2011-09-07,5.49
2011-09-06,5.49
2011-09-05,5.49
2011-09-03,5.49
2011-09-02,5.49
2011-09-01,5.49
2011-08-31,5.49
2011-08-30,5.49
2011-08-29,5.49
2011-08-27,5.49
2011-08-26,5.49
2011-08-25,5.49
2011-08-24,5.49
2011-08-23,5.49
2011-08-22,5.49
2011-08-20,5.49
2011-08-19,5.49
2011-08-18,5.49
2011-08-17,5.49
2011-08-16,5.49
2011-08-15,5.49
2011-08-13,5.49
2011-08-12,5.49
2011-08-11,5.49
2011-08-10,5.49
2011-08-08,5.49
2011-08-06,5.49
2011-08-05,5.49
2011-08-04,5.49
2011-08-03,5.49
2011-08-02,5.49
2011-08-01,5.49
2011-07-30,5.49
2011-07-29,5.49
2011-07-28,5.49
2011-07-27,5.49
2011-07-26,5.49
2011-07-25,5.49
2011-07-23,5.49
2011-07-22,5.49
2011-07-21,5.49
2011-07-20,5.49
2011-07-19,5.49
2011-07-18,5.49
2011-07-16,5.49
2011-07-15,5.49
2011-07-14,5.49
2011-07-13,5.49
2011-07-12,5.49
2011-07-11,5.49
2011-07-09,5.49
2011-07-08,5.49
2011-07-07,5.48
2011-07-06,5.48
2011-07-05,5.48
2011-07-04,5.48
2011-07-02,5.48
2011-07-01,5.48
2011-06-30,5.47
2011-06-29,5.47
2011-06-28,5.47
2011-06-27,5.47
2011-06-25,5.47
2011-06-24,5.47
2011-06-23,5.47
2011-06-22,5.47
2011-06-21,5.47
2011-06-20,5.47
2011-06-18,5.47
2011-06-17,5.47
2011-06-15,5.46
2011-06-14,5.46
2011-06-13,5.46
2011-06-11,5.46
2011-06-10,5.46
2011-06-09,5.46
2011-06-08,5.46
2011-06-07,5.46
2011-06-06,5.46
2011-06-04,5.46
2011-06-03,5.46
2011-06-02,5.46
2011-06-01,5.46
2011-05-31,5.46
2011-05-30,5.46
2011-05-28,5.46
2011-05-27,5.46
2011-05-26,5.44
2011-05-25,5.44
2011-05-24,5.44
2011-05-23,5.44
2011-05-21,5.44
2011-05-20,5.44
2011-05-19,5.46
2011-05-17,5.46
2011-05-16,5.46
2011-05-14,5.46
2011-05-13,5.46
2011-05-12,5.45
2011-05-11,5.45
2011-05-10,5.45
2011-05-09,5.45
2011-05-07,5.45
2011-05-06,5.45
2011-05-05,5.45
2011-05-04,5.45
2011-05-03,5.45
2011-04-30,5.45
2011-04-29,5.45
2011-04-28,5.46
2011-04-26,5.46
2011-04-23,5.46
2011-04-21,5.46
2011-04-20,5.46
2011-04-19,5.46
2011-04-18,5.46
2011-04-16,5.46
2011-04-15,5.46
2011-04-14,5.47
2011-04-13,5.47
2011-04-12,5.47
2011-04-11,5.47
2011-04-09,5.47
2011-04-08,5.47
2011-04-07,5.47
2011-04-06,5.47
2011-04-05,5.47
2011-04-04,5.47
2011-04-02,5.47
2011-04-01,5.47
2011-03-31,5.47
2011-03-30,5.47
2011-03-29,5.47
2011-03-28,5.47
2011-03-26,5.47
2011-03-25,5.47
2011-03-24,5.48
2011-03-23,5.48
2011-03-22,5.48
2011-03-19,5.48
2011-03-18,5.48
2011-03-17,5.51
2011-03-16,5.51
2011-03-15,5.51
2011-03-14,5.51
2011-03-12,5.51
2011-03-11,5.51
2011-03-10,5.52
2011-03-09,5.52
2011-03-08,5.52
2011-03-07,5.52
2011-03-05,5.52
2011-03-04,5.52
2011-03-03,5.52
2011-03-02,5.52
2011-03-01,5.52
2011-02-28,5.52
2011-02-26,5.52
2011-02-25,5.52
2011-02-24,5.52
2011-02-23,5.52
2011-02-22,5.52
2011-02-21,5.52
2011-02-19,5.52
2011-02-18,5.52
2011-02-17,5.54
2011-02-16,5.54
2011-02-15,5.54
2011-02-14,5.54
2011-02-12,5.54
2011-02-11,5.54
2011-02-10,5.55
2011-02-09,5.55
2011-02-08,5.55
2011-02-07,5.55
2011-02-05,5.55
2011-02-04,5.55
2011-02-03,5.52
2011-02-02,5.52
2011-02-01,5.52
2011-01-31,5.52
2011-01-29,5.52
2011-01-28,5.52
2011-01-27,5.51
2011-01-26,5.51
2011-01-25,5.51
2011-01-24,5.51
2011-01-22,5.51
2011-01-21,5.51
2011-01-20,5.51
2011-01-19,5.51
2011-01-18,5.51
2011-01-17,5.51
2011-01-15,5.51
2011-01-14,5.51
2011-01-13,5.57
2011-01-12,5.57
2011-01-11,5.57
2011-01-10,5.57
2011-01-08,5.57
2011-01-07,5.57
2011-01-06,5.60
2011-01-05,5.60
2011-01-04,5.60
2011-01-03,5.60
2011-01-01,5.60
2010-12-31,5.60
2010-12-30,5.60
2010-12-29,5.60
2010-12-28,5.60
2010-12-24,5.60
2010-12-23,5.59
2010-12-22,5.59
2010-12-21,5.59
2010-12-20,5.59
2010-12-18,5.59
2010-12-17,5.59
2010-12-15,5.59
2010-12-14,5.59
2010-12-13,5.59
2010-12-11,5.59
2010-12-10,5.59
2010-12-09,5.59
2010-12-08,5.59
2010-12-07,5.59
2010-12-06,5.59
2010-12-04,5.59
2010-12-03,5.59
2010-12-02,5.52
2010-12-01,5.52
2010-11-30,5.52
2010-11-29,5.52
2010-11-27,5.52
2010-11-26,5.52
2010-11-25,5.48
2010-11-24,5.48
2010-11-23,5.48
2010-11-22,5.48
2010-11-20,5.48
2010-11-19,5.48
2010-11-18,5.70
2010-11-17,5.70
2010-11-16,5.70
2010-11-15,5.70
2010-11-13,5.70
2010-11-12,5.70
2010-11-11,5.74
2010-11-10,5.74
2010-11-09,5.74
2010-11-08,5.74
2010-11-06,5.74
2010-11-05,5.74
2010-11-04,5.80
2010-11-03,5.80
2010-11-02,5.80
2010-11-01,5.80
2010-10-30,5.80
2010-10-29,5.80
2010-10-28,5.94
2010-10-27,5.94
2010-10-26,5.94
2010-10-25,5.94
2010-10-23,5.94
2010-10-22,5.94
2010-10-21,5.94
2010-10-20,5.94
2010-10-19,5.94
2010-10-18,5.94
2010-10-16,5.94
2010-10-15,5.94
2010-10-14,6.03
2010-10-13,6.03
2010-10-12,6.03
2010-10-11,6.03
2010-10-09,6.03
2010-10-08,6.03
2010-10-07,6.04
2010-10-06,6.04
2010-10-05,6.04
2010-10-04,6.04
2010-10-02,6.04
2010-10-01,6.04
2010-09-30,6.03
2010-09-29,6.03
2010-09-28,6.03
2010-09-27,6.03
2010-09-25,6.03
2010-09-23,6.03
2010-09-22,6.04
2010-09-21,6.04
2010-09-20,6.04
2010-09-18,6.04
2010-09-17,6.04
2010-09-16,5.98
2010-09-15,5.98
2010-09-14,5.98
2010-09-13,5.98
2010-09-11,5.98
2010-09-10,5.98
2010-09-09,6.21
2010-09-08,6.21
2010-09-07,6.21
2010-09-06,6.21
2010-09-04,6.21
2010-09-03,6.21
2010-09-02,6.27
2010-09-01,6.27
2010-08-31,6.27
2010-08-30,6.27
2010-08-28,6.27
2010-08-27,6.27
2010-08-26,6.40
2010-08-25,6.40
2010-08-24,6.40
2010-08-23,6.40
2010-08-21,6.40
2010-08-20,6.40
2010-08-19,6.46
2010-08-18,6.46
2010-08-17,6.46
2010-08-16,6.46
2010-08-14,6.46
2010-08-13,6.46
2010-08-12,6.47
2010-08-11,6.47
2010-08-10,6.47
2010-08-07,6.47
2010-08-06,6.47
2010-08-05,6.45
2010-08-04,6.45
2010-08-03,6.45
2010-08-02,6.45
2010-07-31,6.45
2010-07-30,6.45
2010-07-29,6.46
2010-07-28,6.46
2010-07-27,6.46
2010-07-26,6.46
2010-07-24,6.46
2010-07-23,6.46
2010-07-22,6.45
2010-07-21,6.45
2010-07-20,6.45
2010-07-19,6.45
2010-07-17,6.45
2010-07-16,6.45
2010-07-15,6.46
2010-07-14,6.46
2010-07-13,6.46
2010-07-12,6.46
2010-07-10,6.46
2010-07-09,6.46
2010-07-08,6.54
2010-07-07,6.54
2010-07-06,6.54
2010-07-05,6.54
2010-07-03,6.54
2010-07-02,6.54
2010-07-01,6.54
2010-06-30,6.54
2010-06-29,6.54
2010-06-28,6.54
2010-06-26,6.54
2010-06-25,6.54
2010-06-24,6.53
2010-06-23,6.53
2010-06-22,6.53
2010-06-21,6.53
2010-06-19,6.53
2010-06-18,6.53
2010-06-17,6.53
2010-06-15,6.53
2010-06-14,6.53
2010-06-12,6.53
2010-06-11,6.53
2010-06-10,6.55
2010-06-09,6.55
2010-06-08,6.55
2010-06-07,6.55
2010-06-05,6.55
2010-06-04,6.55
2010-06-03,6.57
2010-06-02,6.57
2010-06-01,6.57
2010-05-31,6.57
2010-05-29,6.57
2010-05-28,6.57
2010-05-27,6.57
2010-05-26,6.57
2010-05-25,6.57
2010-05-24,6.57
2010-05-22,6.57
2010-05-21,6.57
2010-05-20,6.59
2010-05-19,6.59
2010-05-18,6.59
2010-05-17,6.59
2010-05-15,6.59
2010-05-14,6.59
2010-05-13,6.59
2010-05-12,6.59
2010-05-11,6.59
2010-05-10,6.59
2010-05-08,6.59
2010-05-07,6.59
2010-05-06,6.59
2010-05-05,6.59
2010-05-04,6.59
2010-05-03,6.59
2010-04-30,6.59
2010-04-29,6.60
2010-04-28,6.60
2010-04-26,6.60
2010-04-24,6.60
2010-04-23,6.60
2010-04-22,6.57
2010-04-21,6.57
2010-04-20,6.57
2010-04-19,6.57
2010-04-17,6.57
2010-04-16,6.57
2010-04-15,6.59
2010-04-14,6.59
2010-04-13,6.59
2010-04-12,6.59
2010-04-10,6.59
2010-04-09,6.59
2010-04-08,6.59
2010-04-07,6.59
2010-04-06,6.59
2010-04-03,6.59
2010-04-01,6.59
2010-03-31,6.60
2010-03-30,6.60
2010-03-29,6.60
2010-03-27,6.60
2010-03-26,6.60
2010-03-25,7.04
2010-03-24,7.04
2010-03-23,7.04
2010-03-20,7.04
2010-03-19,7.04
2010-03-18,7.04
2010-03-17,7.04
2010-03-16,7.04
2010-03-15,7.04
2010-03-13,7.04
2010-03-12,7.04
2010-03-11,7.02
2010-03-10,7.02
2010-03-09,7.02
2010-03-08,7.02
2010-03-06,7.02
2010-03-05,7.02
2010-03-04,7.05
2010-03-03,7.05
2010-03-02,7.05
2010-03-01,7.05
2010-02-27,7.05
2010-02-26,7.05
2010-02-25,7.08
2010-02-24,7.08
2010-02-23,7.08
2010-02-22,7.08
2010-02-20,7.08
2010-02-19,7.08
2010-02-18,7.08
2010-02-17,7.08
2010-02-16,7.08
2010-02-15,7.08
2010-02-13,7.08
2010-02-12,7.08
2010-02-11,7.08
2010-02-10,7.08
2010-02-09,7.08
2010-02-08,7.08
2010-02-06,7.08
2010-02-05,7.08
2010-02-04,7.07
2010-02-03,7.07
2010-02-02,7.07
2010-02-01,7.07
2010-01-30,7.07
2010-01-29,7.07
2010-01-28,7.10
2010-01-27,7.10
2010-01-26,7.10
2010-01-25,7.10
2010-01-23,7.10
2010-01-22,7.10
2010-01-21,7.10
2010-01-20,7.10
2010-01-19,7.10
2010-01-18,7.10
2010-01-16,7.10
2010-01-15,7.10
2010-01-14,7.11
2010-01-13,7.11
2010-01-12,7.11
2010-01-11,7.11
2010-01-09,7.11
2010-01-08,7.11
2010-01-07,7.14
2010-01-06,7.14
2010-01-05,7.14
2010-01-04,7.14
2010-01-02,7.14
2009-12-31,7.14
2009-12-30,7.14
2009-12-29,7.14
2009-12-28,7.14
2009-12-24,7.14
2009-12-23,7.08
2009-12-22,7.08
2009-12-21,7.08
2009-12-19,7.08
2009-12-18,7.08
2009-12-17,7.02
2009-12-15,7.02
2009-12-14,7.02
2009-12-12,7.02
2009-12-11,7.02
2009-12-10,7.07
2009-12-09,7.07
2009-12-08,7.07
2009-12-07,7.07
2009-12-05,7.07
2009-12-04,7.07
2009-12-03,7.03
2009-12-02,7.03
2009-12-01,7.03
2009-11-30,7.03
2009-11-28,7.03
2009-11-27,7.03
2009-11-26,7.01
2009-11-25,7.01
2009-11-24,7.01
2009-11-23,7.01
2009-11-21,7.01
2009-11-20,7.01
2009-11-19,6.99
2009-11-18,6.99
2009-11-17,6.99
2009-11-16,6.99
2009-11-14,6.99
2009-11-13,6.99
2009-11-12,7.01
2009-11-11,7.01
2009-11-10,7.01
2009-11-09,7.01
2009-11-07,7.01
2009-11-06,7.01
2009-11-05,7.03
2009-11-04,7.03
2009-11-03,7.03
2009-11-02,7.03
2009-10-31,7.03
2009-10-30,7.03
2009-10-29,7.03
2009-10-28,7.03
2009-10-27,7.03
2009-10-26,7.03
2009-10-24,7.03
2009-10-23,7.03
2009-10-22,6.97
2009-10-21,6.97
2009-10-20,6.97
2009-10-19,6.97
2009-10-17,6.97
2009-10-16,6.97
2009-10-15,6.89
2009-10-14,6.89
2009-10-13,6.89
2009-10-12,6.89
2009-10-10,6.89
2009-10-09,6.89
2009-10-08,6.87
2009-10-07,6.87
2009-10-06,6.87
2009-10-05,6.87
2009-10-03,6.87
2009-10-02,6.87
2009-10-01,6.90
2009-09-30,6.90
2009-09-29,6.90
2009-09-28,6.90
2009-09-26,6.90
2009-09-25,6.90
2009-09-23,6.88
2009-09-22,6.88
2009-09-21,6.88
2009-09-19,6.88
2009-09-18,6.88
2009-09-17,6.96
2009-09-16,6.96
2009-09-15,6.96
2009-09-14,6.96
2009-09-12,6.96
2009-09-11,6.96
2009-09-10,6.98
2009-09-09,6.98
2009-09-08,6.98
2009-09-07,6.98
2009-09-05,6.98
2009-09-04,6.98
2009-09-03,6.98
2009-09-02,6.98
2009-09-01,6.98
2009-08-31,6.98
2009-08-29,6.98
2009-08-28,6.98
2009-08-27,6.97
2009-08-26,6.97
2009-08-25,6.97
2009-08-24,6.97
2009-08-22,6.97
2009-08-21,6.97
2009-08-20,6.98
2009-08-19,6.98
2009-08-18,6.98
2009-08-17,6.98
2009-08-15,6.98
2009-08-14,6.98
2009-08-13,7.44
2009-08-12,7.44
2009-08-11,7.44
2009-08-08,7.44
2009-08-07,7.44
2009-08-06,7.44
2009-08-05,7.44
2009-08-04,7.44
2009-08-03,7.44
2009-08-01,7.44
2009-07-31,7.44
2009-07-30,7.43
2009-07-29,7.43
2009-07-28,7.43
2009-07-27,7.43
2009-07-25,7.43
2009-07-24,7.43
2009-07-23,7.38
2009-07-22,7.38
2009-07-21,7.38
2009-07-20,7.38
2009-07-18,7.38
2009-07-17,7.38
2009-07-16,7.36
2009-07-15,7.36
2009-07-14,7.36
2009-07-13,7.36
2009-07-11,7.36
2009-07-10,7.36
2009-07-09,7.37
2009-07-08,7.37
2009-07-07,7.37
2009-07-06,7.37
2009-07-04,7.37
2009-07-03,7.37
2009-07-02,7.38
2009-07-01,7.38
2009-06-30,7.38
2009-06-29,7.38
2009-06-27,7.38
2009-06-26,7.38
2009-06-25,7.24
2009-06-24,7.24
2009-06-23,7.24
2009-06-22,7.24
2009-06-20,7.24
2009-06-19,7.24
2009-06-18,7.30
2009-06-17,7.30
2009-06-15,7.30
2009-06-13,7.30
2009-06-12,7.30
2009-06-11,7.16
2009-06-10,7.16
2009-06-09,7.16
2009-06-08,7.16
2009-06-06,7.16
2009-06-05,7.16
2009-06-04,7.06
2009-06-03,7.06
2009-06-02,7.06
2009-06-01,7.06
2009-05-30,7.06
2009-05-29,7.06
2009-05-28,7.51
2009-05-27,7.51
2009-05-26,7.51
2009-05-25,7.51
2009-05-23,7.51
2009-05-22,7.51
2009-05-21,7.67
2009-05-20,7.67
2009-05-19,7.67
2009-05-18,7.67
2009-05-16,7.67
2009-05-15,7.67
2009-05-14,7.72
2009-05-13,7.72
2009-05-12,7.72
2009-05-11,7.72
2009-05-09,7.72
2009-05-08,7.72
2009-05-07,8.09
2009-05-06,8.09
2009-05-05,8.09
2009-05-04,8.09
2009-05-02,8.09
2009-04-30,8.09
2009-04-29,8.21
2009-04-28,8.21
2009-04-25,8.21
2009-04-24,8.21
2009-04-23,8.34
2009-04-21,8.34
2009-04-20,8.34
2009-04-18,8.34
2009-04-17,8.34
2009-04-16,8.36
2009-04-15,8.36
2009-04-14,8.36
2009-04-11,8.36
2009-04-09,8.36
2009-04-08,8.25
2009-04-07,8.25
2009-04-06,8.25
2009-04-04,8.25
2009-04-03,8.25
2009-04-02,8.24
2009-04-01,8.24
2009-03-31,8.24
2009-03-30,8.24
2009-03-28,8.24
2009-03-27,8.24
2009-03-26,8.18
2009-03-25,8.18
2009-03-24,8.18
2009-03-23,8.18
2009-03-21,8.18
2009-03-20,8.18
2009-03-19,8.82
2009-03-18,8.82
2009-03-17,8.82
2009-03-16,8.82
2009-03-14,8.82
2009-03-13,8.82
2009-03-12,8.85
2009-03-11,8.85
2009-03-10,8.85
2009-03-09,8.85
2009-03-07,8.85
2009-03-06,8.85
2009-03-05,8.92
2009-03-04,8.92
2009-03-03,8.92
2009-03-02,8.92
2009-02-28,8.92
2009-02-27,8.92
2009-02-26,8.94
2009-02-25,8.94
2009-02-24,8.94
2009-02-23,8.94
2009-02-21,8.94
2009-02-20,8.94
2009-02-19,8.90
2009-02-18,8.90
2009-02-17,8.90
2009-02-16,8.90
2009-02-14,8.90
2009-02-13,8.90
2009-02-12,9.35
2009-02-11,9.35
2009-02-10,9.35
2009-02-09,9.35
2009-02-07,9.35
2009-02-06,9.35
2009-02-05,10.10
2009-02-04,10.10
2009-02-03,10.10
2009-02-02,10.10
2009-01-31,10.10
2009-01-30,10.10
2009-01-29,10.52
2009-01-28,10.52
2009-01-27,10.52
2009-01-26,10.52
2009-01-24,10.52
2009-01-23,10.52
2009-01-22,10.73
2009-01-21,10.73
2009-01-20,10.73
2009-01-19,10.73
2009-01-17,10.73
2009-01-16,10.73
2009-01-15,10.77
2009-01-14,10.77
2009-01-13,10.77
2009-01-12,10.77
2009-01-10,10.77
2009-01-09,10.77
2009-01-08,10.79
2009-01-07,10.79
2009-01-06,10.79
2009-01-05,10.79
2009-01-03,10.79
2009-01-02,10.79
2008-12-31,10.84
2008-12-30,10.84
2008-12-29,10.84
2008-12-27,10.61
2008-12-24,10.61
2008-12-23,10.61
2008-12-22,10.61
2008-12-20,10.61
2008-12-19,10.61
2008-12-18,10.50
2008-12-17,10.50
2008-12-15,10.50
2008-12-13,10.50
2008-12-12,10.50
2008-12-11,11.03
2008-12-10,11.03
2008-12-09,11.03
2008-12-08,11.03
2008-12-06,11.03
2008-12-05,11.03
2008-12-04,10.90
2008-12-03,10.90
2008-12-02,10.90
2008-12-01,10.90
2008-11-29,10.90
2008-11-28,10.90
2008-11-27,10.94
2008-11-26,10.94
2008-11-25,10.94
2008-11-24,10.94
2008-11-22,10.94
2008-11-21,10.94
2008-11-20,10.92
2008-11-19,10.92
2008-11-18,10.92
2008-11-17,10.92
2008-11-15,10.92
2008-11-14,10.92
2008-11-13,10.80
2008-11-12,10.80
2008-11-11,10.80
2008-11-10,10.80
2008-11-08,10.80
2008-11-07,10.80
2008-11-06,10.70
2008-11-05,10.70
2008-11-04,10.70
2008-11-03,10.70
2008-11-01,10.70
2008-10-31,10.70
2008-10-30,10.74
2008-10-29,10.74
2008-10-28,10.74
2008-10-27,10.74
2008-10-25,10.74
2008-10-24,10.74
2008-10-23,10.88
2008-10-22,10.88
2008-10-21,10.88
2008-10-20,10.88
2008-10-18,10.88
2008-10-17,10.88
2008-10-16,10.98
2008-10-15,10.98
2008-10-14,10.98
2008-10-13,10.98
2008-10-11,10.98
2008-10-10,10.98
2008-10-09,11.09
2008-10-08,11.09
2008-10-07,11.09
2008-10-06,11.09
2008-10-04,11.09
2008-10-03,11.09
2008-10-02,11.11
2008-10-01,11.11
2008-09-30,11.11
2008-09-29,11.11
2008-09-27,11.11
2008-09-26,11.11
2008-09-25,11.12
2008-09-23,11.12
2008-09-22,11.12
2008-09-20,11.12
2008-09-19,11.12
2008-09-18,11.16
2008-09-17,11.16
2008-09-16,11.16
2008-09-15,11.16
2008-09-13,11.16
2008-09-12,11.16
2008-09-11,11.18
2008-09-10,11.18
2008-09-09,11.18
2008-09-08,11.18
2008-09-06,11.18
2008-09-05,11.18
2008-09-04,11.16
2008-09-03,11.16
2008-09-02,11.16
2008-09-01,11.16
2008-08-30,11.16
2008-08-29,11.16
2008-08-28,11.18
2008-08-27,11.18
2008-08-26,11.18
2008-08-25,11.18
2008-08-23,11.18
2008-08-22,11.18
2008-08-21,11.33
2008-08-20,11.33
2008-08-19,11.33
2008-08-18,11.33
2008-08-16,11.33
2008-08-15,11.33
2008-08-14,11.45
2008-08-13,11.45
2008-08-12,11.45
2008-08-11,11.45
2008-08-08,11.45
2008-08-07,11.52
2008-08-06,11.52
2008-08-05,11.52
2008-08-04,11.52
2008-08-02,11.52
2008-08-01,11.52
2008-07-31,11.35
2008-07-30,11.35
2008-07-29,11.35
2008-07-28,11.35
2008-07-26,11.35
2008-07-25,11.35
2008-07-24,11.33
2008-07-23,11.33
2008-07-22,11.33
2008-07-21,11.33
2008-07-19,11.33
2008-07-18,11.33
2008-07-17,11.42
2008-07-16,11.42
2008-07-15,11.42
2008-07-14,11.42
2008-07-12,11.42
2008-07-11,11.42
2008-07-10,11.41
2008-07-09,11.41
2008-07-08,11.41
2008-07-07,11.41
2008-07-05,11.41
2008-07-04,11.41
2008-07-03,11.38
2008-07-02,11.38
2008-07-01,11.38
2008-06-30,11.38
2008-06-28,11.38
2008-06-27,11.38
2008-06-26,11.32
2008-06-25,11.32
2008-06-24,11.32
2008-06-23,11.32
2008-06-21,11.32
2008-06-20,11.32
2008-06-19,11.17
2008-06-18,11.17
2008-06-17,11.17
2008-06-14,11.17
2008-06-13,11.17
2008-06-12,11.66
2008-06-11,11.66
2008-06-10,11.66
2008-06-09,11.66
2008-06-07,11.66
2008-06-06,11.66
2008-06-05,11.55
2008-06-04,11.55
2008-06-03,11.55
2008-06-02,11.55
2008-05-31,11.55
2008-05-30,11.55
2008-05-29,10.55
2008-05-28,10.55
2008-05-27,10.55
2008-05-26,10.55
2008-05-24,10.55
2008-05-23,10.55
2008-05-22,10.53
2008-05-21,10.53
2008-05-20,10.53
2008-05-19,10.53
2008-05-17,10.53
2008-05-16,10.53
2008-05-15,10.50
2008-05-14,10.50
2008-05-13,10.50
2008-05-12,10.50
2008-05-10,10.50
2008-05-09,10.50
2008-05-08,10.51
2008-05-07,10.51
2008-05-06,10.51
2008-05-05,10.51
2008-05-03,10.46
2008-04-30,10.46
2008-04-29,10.46
2008-04-26,10.46
2008-04-25,10.46
2008-04-24,10.42
2008-04-23,10.42
2008-04-22,10.42
2008-04-21,10.42
2008-04-19,10.42
2008-04-18,10.42
2008-04-17,10.31
2008-04-16,10.31
2008-04-15,10.31
2008-04-14,10.31
2008-04-12,10.31
2008-04-11,10.31
2008-04-10,10.05
2008-04-09,10.05
2008-04-08,10.05
2008-04-07,10.05
2008-04-05,10.05
2008-04-04,10.05
2008-04-03,10.04
2008-04-02,10.04
2008-04-01,10.04
2008-03-31,10.04
2008-03-29,10.04
2008-03-28,10.04
2008-03-27,10.13
2008-03-26,10.13
2008-03-25,10.13
2008-03-22,10.13
2008-03-20,10.13
2008-03-19,10.17
2008-03-18,10.17
2008-03-17,10.17
2008-03-15,10.17
2008-03-14,10.17
2008-03-13,10.26
2008-03-12,10.26
2008-03-11,10.26
2008-03-10,10.26
2008-03-08,10.26
2008-03-07,10.26
2008-03-06,10.24
2008-03-05,10.24
2008-03-04,10.24
2008-03-03,10.24
2008-03-01,10.24
2008-02-29,10.24
2008-02-28,10.29
2008-02-27,10.29
2008-02-26,10.29
2008-02-25,10.29
2008-02-23,10.29
2008-02-22,10.29
2008-02-21,10.33
2008-02-20,10.33
2008-02-19,10.33
2008-02-18,10.33
2008-02-16,10.33
2008-02-15,10.33
2008-02-14,10.36
2008-02-13,10.36
2008-02-12,10.36
2008-02-11,10.36
2008-02-09,10.36
2008-02-08,10.36
2008-02-07,10.31
2008-02-06,10.31
2008-02-05,10.31
2008-02-04,10.31
2008-02-02,10.31
2008-02-01,10.31
2008-01-31,10.37
2008-01-30,10.37
2008-01-29,10.37
2008-01-28,10.37
2008-01-26,10.37
2008-01-25,10.37
2008-01-24,10.49
2008-01-23,10.49
2008-01-22,10.49
2008-01-21,10.49
2008-01-19,10.49
2008-01-18,10.49
2008-01-17,10.50
2008-01-16,10.50
2008-01-15,10.50
2008-01-14,10.50
2008-01-12,10.50
2008-01-11,10.50
2008-01-10,10.52
2008-01-09,10.52
2008-01-08,10.52
2008-01-07,10.52
2008-01-05,10.52
2008-01-04,10.52
2008-01-03,10.52
2008-01-02,10.52
2007-12-31,10.52
2007-12-29,10.52
2007-12-28,10.52
2007-12-27,10.54
2007-12-24,10.54
2007-12-22,10.54
2007-12-21,10.54
2007-12-20,10.54
2007-12-19,10.54
2007-12-18,10.54
2007-12-15,10.43
2007-12-14,10.43
2007-12-13,10.43
2007-12-12,10.43
2007-12-11,10.43
2007-12-10,10.43
2007-12-08,10.43
2007-12-07,10.43
2007-12-06,10.43
2007-12-05,10.43
2007-12-04,10.43
2007-12-03,10.43
2007-12-01,10.43
2007-11-30,10.43
2007-11-29,10.43
2007-11-28,10.43
2007-11-27,10.43
2007-11-26,10.43
2007-11-24,10.43
2007-11-23,10.43
2007-11-22,10.43
2007-11-21,10.43
2007-11-20,10.43
2007-11-19,10.43
2007-11-17,10.43
2007-11-16,10.43
2007-11-15,10.06
2007-11-14,10.06
2007-11-13,10.06
2007-11-12,10.06
2007-11-10,10.06
2007-11-09,10.06
2007-11-08,9.96
2007-11-07,9.96
2007-11-06,9.96
2007-11-05,9.96
2007-11-03,9.96
2007-11-02,9.96
2007-11-01,9.96
2007-10-31,9.96
2007-10-30,9.96
2007-10-29,9.96
2007-10-27,9.96
2007-10-26,9.96
2007-10-25,9.96
2007-10-24,9.96
2007-10-23,9.96
2007-10-22,9.96
2007-10-20,9.96
2007-10-19,9.96
2007-10-18,9.89
2007-10-17,9.89
2007-10-16,9.89
2007-10-15,9.89
2007-10-13,9.89
2007-10-12,9.89
2007-10-11,9.52
2007-10-10,9.52
2007-10-09,9.52
2007-10-08,9.52
2007-10-06,9.52
2007-10-05,9.52
2007-10-04,9.43
2007-10-03,9.43
2007-10-02,9.43
2007-10-01,9.43
2007-09-29,9.43
2007-09-28,9.43
2007-09-27,9.41
2007-09-26,9.41
2007-09-25,9.41
2007-09-22,9.41
2007-09-21,9.41
2007-09-20,9.29
2007-09-19,9.29
2007-09-18,9.29
2007-09-17,9.29
2007-09-15,9.29
2007-09-14,9.29
2007-09-13,9.26
2007-09-12,9.26
2007-09-11,9.26
2007-09-10,9.26
2007-09-08,9.26
2007-09-07,9.26
2007-09-06,9.26
2007-09-05,9.26
2007-09-04,9.26
2007-09-03,9.26
2007-09-01,9.26
2007-08-31,9.26
2007-08-30,9.30
2007-08-29,9.30
2007-08-28,9.30
2007-08-27,9.30
2007-08-25,9.30
2007-08-24,9.30
2007-08-23,9.32
2007-08-22,9.32
2007-08-21,9.32
2007-08-20,9.32
2007-08-18,9.32
2007-08-17,9.32
2007-08-16,9.07
2007-08-15,9.07
2007-08-14,9.07
2007-08-13,9.07
2007-08-11,9.07
2007-08-10,9.07
2007-08-08,8.84
2007-08-07,8.84
2007-08-06,8.84
2007-08-04,8.84
2007-08-03,8.84
2007-08-02,8.86
2007-08-01,8.86
2007-07-31,8.86
2007-07-30,8.86
2007-07-28,8.86
2007-07-27,8.86
2007-07-26,9.00
2007-07-25,9.00
2007-07-24,9.00
2007-07-23,9.00
2007-07-21,9.00
2007-07-20,9.00
2007-07-19,9.05
2007-07-18,9.05
2007-07-17,9.05
2007-07-16,9.05
2007-07-14,9.05
2007-07-13,9.05
2007-07-12,9.10
2007-07-11,9.10
2007-07-10,9.10
2007-07-09,9.10
2007-07-07,9.10
2007-07-06,9.10
2007-07-05,9.10
2007-07-04,9.10
2007-07-03,9.10
2007-07-02,9.10
2007-06-30,9.10
2007-06-29,9.10
2007-06-28,9.09
2007-06-27,9.09
2007-06-26,9.09
2007-06-25,9.09
2007-06-23,9.09
2007-06-22,9.09
2007-06-21,9.09
2007-06-20,9.09
2007-06-19,9.09
2007-06-18,9.09
2007-06-15,9.09
2007-06-14,9.03
2007-06-13,9.03
2007-06-12,9.03
2007-06-11,9.03
2007-06-09,9.03
2007-06-08,9.03
2007-06-07,8.84
2007-06-06,8.84
2007-06-05,8.84
2007-06-04,8.84
2007-06-02,8.84
2007-06-01,8.84
2007-05-31,8.68
2007-05-30,8.68
2007-05-29,8.68
2007-05-28,8.68
2007-05-26,8.68
2007-05-25,8.68
2007-05-24,8.64
2007-05-23,8.64
2007-05-22,8.64
2007-05-21,8.64
2007-05-19,8.64
2007-05-18,8.64
2007-05-17,8.38
2007-05-16,8.38
2007-05-15,8.38
2007-05-14,8.38
2007-05-12,8.38
2007-05-11,8.38
2007-05-10,8.34
2007-05-09,8.34
2007-05-08,8.34
2007-05-07,8.34
2007-05-05,8.34
2007-05-04,8.34
2007-05-03,8.32
2007-05-02,8.32
2007-04-30,8.32
2007-04-28,8.29
2007-04-26,8.29
2007-04-25,8.29
2007-04-24,8.29
2007-04-23,8.29
2007-04-21,8.29
2007-04-20,8.29
2007-04-19,8.28
2007-04-18,8.28
2007-04-17,8.28
2007-04-16,8.28
2007-04-14,8.28
2007-04-13,8.28
2007-04-12,8.27
2007-04-11,8.27
2007-04-10,8.27
2007-04-07,8.27
2007-04-05,8.27
2007-04-04,8.26
2007-04-03,8.26
2007-04-02,8.26
2007-03-31,8.26
2007-03-30,8.26
2007-03-29,8.25
2007-03-28,8.25
2007-03-27,8.25
2007-03-26,8.25
2007-03-24,8.25
2007-03-23,8.25
2007-03-22,8.27
2007-03-20,8.27
2007-03-19,8.27
2007-03-17,8.27
2007-03-16,8.27
2007-03-15,8.28
2007-03-14,8.28
2007-03-13,8.28
2007-03-12,8.28
2007-03-10,8.28
2007-03-09,8.28
2007-03-08,8.31
2007-03-07,8.31
2007-03-06,8.31
2007-03-05,8.31
2007-03-03,8.31
2007-03-02,8.31
2007-03-01,8.41
2007-02-28,8.41
2007-02-27,8.41
2007-02-26,8.41
2007-02-24,8.41
2007-02-23,8.41
2007-02-22,8.55
2007-02-21,8.55
2007-02-20,8.55
2007-02-19,8.55
2007-02-17,8.55
2007-02-16,8.55
2007-02-15,8.77
2007-02-14,8.77
2007-02-13,8.77
2007-02-12,8.77
2007-02-10,8.77
2007-02-09,8.77
2007-02-08,8.82
2007-02-07,8.82
2007-02-06,8.82
2007-02-05,8.82
2007-02-03,8.82
2007-02-02,8.82
2007-02-01,8.87
2007-01-31,8.87
2007-01-30,8.87
2007-01-29,8.87
2007-01-27,8.87
2007-01-26,8.87
2007-01-25,8.85
2007-01-24,8.85
2007-01-23,8.85
2007-01-22,8.85
2007-01-20,8.85
2007-01-19,8.85
2007-01-18,8.67
2007-01-17,8.67
2007-01-16,8.67
2007-01-15,8.67
2007-01-13,8.67
2007-01-12,8.67
2007-01-11,8.56
2007-01-10,8.56
2007-01-09,8.56
2007-01-08,8.56
2007-01-06,8.56
2007-01-05,8.56
2007-01-04,8.49
2007-01-03,8.49
2007-01-02,8.49
2006-12-30,8.49
2006-12-29,8.49
2006-12-28,8.47
2006-12-27,8.47
2006-12-23,8.47
2006-12-22,8.47
2006-12-21,8.43
2006-12-20,8.43
2006-12-19,8.43
2006-12-18,8.43
2006-12-15,8.43
2006-12-14,8.41
2006-12-13,8.41
2006-12-12,8.41
2006-12-11,8.41
2006-12-09,8.41
2006-12-08,8.41
2006-12-07,8.26
2006-12-06,8.26
2006-12-05,8.26
2006-12-04,8.26
2006-12-02,8.26
2006-12-01,8.26
2006-11-30,8.26
2006-11-29,8.26
2006-11-28,8.26
2006-11-27,8.26
2006-11-25,8.26
2006-11-24,8.26
2006-11-23,8.23
2006-11-22,8.23
2006-11-21,8.23
2006-11-20,8.23
2006-11-18,8.23
2006-11-17,8.23
2006-11-16,8.20
2006-11-15,8.20
2006-11-14,8.20
2006-11-13,8.20
2006-11-11,8.20
2006-11-10,8.20
2006-11-09,8.22
2006-11-08,8.22
2006-11-07,8.22
2006-11-06,8.22
2006-11-04,8.22
2006-11-03,8.22
2006-11-02,8.27
2006-11-01,8.27
2006-10-31,8.27
2006-10-30,8.27
2006-10-28,8.27
2006-10-27,8.27
2006-10-26,8.29
2006-10-25,8.29
2006-10-24,8.29
2006-10-23,8.29
2006-10-21,8.29
2006-10-20,8.29
2006-10-19,8.26
2006-10-18,8.26
2006-10-17,8.26
2006-10-16,8.26
2006-10-14,8.26
2006-10-13,8.26
2006-10-12,8.23
2006-10-11,8.23
2006-10-10,8.23
2006-10-09,8.23
2006-10-07,8.23
2006-10-06,8.23
2006-10-05,8.00
2006-10-04,8.00
2006-10-03,8.00
2006-10-02,8.00
2006-09-30,8.00
2006-09-29,8.00
2006-09-28,7.88
2006-09-27,7.88
2006-09-26,7.88
2006-09-23,7.88
2006-09-22,7.88
2006-09-21,7.75
2006-09-20,7.75
2006-09-19,7.75
2006-09-18,7.75
2006-09-16,7.75
2006-09-15,7.75
2006-09-14,7.61
2006-09-13,7.61
2006-09-12,7.61
2006-09-11,7.61
2006-09-09,7.61
2006-09-08,7.61
2006-09-07,7.70
2006-09-06,7.70
2006-09-05,7.70
2006-09-04,7.70
2006-09-02,7.70
2006-09-01,7.70
2006-08-31,7.71
2006-08-30,7.71
2006-08-29,7.71
2006-08-28,7.71
2006-08-26,7.71
2006-08-25,7.71
2006-08-24,7.70
2006-08-23,7.70
2006-08-22,7.70
2006-08-21,7.70
2006-08-19,7.70
2006-08-18,7.70
2006-08-17,7.67
2006-08-16,7.67
2006-08-15,7.67
2006-08-14,7.67
2006-08-12,7.67
2006-08-11,7.67
2006-08-10,7.70
2006-08-08,7.70
2006-08-07,7.70
2006-08-05,7.70
2006-08-04,7.70
2006-08-03,7.63
2006-08-02,7.63
2006-08-01,7.63
2006-07-31,7.63
2006-07-29,7.63
2006-07-28,7.63
2006-07-27,7.43
2006-07-26,7.43
2006-07-25,7.43
2006-07-24,7.43
2006-07-22,7.43
2006-07-21,7.43
2006-07-20,7.14
2006-07-19,7.14
2006-07-18,7.14
2006-07-17,7.14
2006-07-15,7.14
2006-07-14,7.14
2006-07-13,7.16
2006-07-12,7.16
2006-07-11,7.16
2006-07-10,7.16
2006-07-08,7.16
2006-07-07,7.16
2006-07-06,7.19
2006-07-05,7.19
2006-07-04,7.19
2006-07-03,7.19
2006-07-01,7.19
2006-06-30,7.19
2006-06-29,7.23
2006-06-28,7.23
2006-06-27,7.23
2006-06-26,7.23
2006-06-24,7.23
2006-06-23,7.23
2006-06-22,7.18
2006-06-21,7.18
2006-06-20,7.18
2006-06-19,7.18
2006-06-17,7.18
2006-06-15,7.31
2006-06-14,7.26
2006-06-13,7.26
2006-06-12,7.26
2006-06-10,7.26
2006-06-09,7.26
2006-06-08,6.82
2006-06-07,6.82
2006-06-06,6.82
2006-06-05,6.82
2006-06-03,6.82
2006-06-02,6.82
2006-06-01,6.83
2006-05-31,6.83
2006-05-30,6.83
2006-05-29,6.83
2006-05-27,6.83
2006-05-26,6.83
2006-05-25,6.83
2006-05-24,6.83
2006-05-23,6.83
2006-05-22,6.83
2006-05-20,6.83
2006-05-19,6.83
2006-05-18,6.82
2006-05-17,6.82
2006-05-16,6.82
2006-05-15,6.82
2006-05-13,6.82
2006-05-12,6.82
2006-05-11,6.77
2006-05-10,6.77
2006-05-09,6.77
2006-05-08,6.77
2006-05-06,6.77
2006-05-05,6.77
2006-05-04,6.74
2006-05-03,6.74
2006-05-02,6.74
2006-04-29,6.74
2006-04-28,6.74
2006-04-26,6.70
2006-04-25,6.70
2006-04-24,6.70
2006-04-22,6.70
2006-04-21,6.70
2006-04-20,6.64
2006-04-19,6.64
2006-04-18,6.64
2006-04-15,6.64
2006-04-13,6.64
2006-04-12,6.62
2006-04-11,6.62
2006-04-10,6.62
2006-04-08,6.62
2006-04-07,6.62
2006-04-06,6.60
2006-04-05,6.60
2006-04-04,6.60
2006-04-03,6.60
2006-04-01,6.60
2006-03-31,6.60
2006-03-30,6.51
2006-03-29,6.51
2006-03-28,6.51
2006-03-27,6.51
2006-03-25,6.51
2006-03-24,6.51
2006-03-23,6.49
2006-03-22,6.49
2006-03-20,6.49
2006-03-18,6.49
2006-03-17,6.49
2006-03-16,6.56
2006-03-15,6.56
2006-03-14,6.56
2006-03-13,6.56
2006-03-11,6.56
2006-03-10,6.56
2006-03-09,6.52
2006-03-08,6.52
2006-03-07,6.52
2006-03-06,6.52
2006-03-04,6.52
2006-03-03,6.52
2006-03-02,6.59
2006-02-28,6.59
2006-02-27,6.59
2006-02-25,6.59
2006-02-24,6.59
2006-02-23,6.68
2006-02-22,6.68
2006-02-21,6.68
2006-02-20,6.68
2006-02-18,6.68
2006-02-17,6.68
2006-02-16,6.71
2006-02-15,6.71
2006-02-14,6.71
2006-02-13,6.71
2006-02-11,6.71
2006-02-10,6.71
2006-02-09,6.69
2006-02-08,6.69
2006-02-07,6.69
2006-02-06,6.69
2006-02-04,6.69
2006-02-03,6.69
2006-02-02,6.69
2006-02-01,6.69
2006-01-31,6.69
2006-01-30,6.69
2006-01-28,6.69
2006-01-27,6.69
2006-01-26,6.72
2006-01-25,6.72
2006-01-24,6.72
2006-01-23,6.72
2006-01-21,6.72
2006-01-20,6.72
2006-01-19,6.73
2006-01-18,6.73
2006-01-17,6.73
2006-01-16,6.73
2006-01-14,6.73
2006-01-13,6.73
2006-01-12,6.77
2006-01-11,6.77
2006-01-10,6.77
2006-01-09,6.77
2006-01-07,6.77
2006-01-06,6.77
2006-01-05,6.78
2006-01-04,6.78
2006-01-03,6.78
2005-12-31,6.78
2005-12-30,6.78
2005-12-29,6.78
2005-12-28,6.78
2005-12-27,6.78
2005-12-24,6.78
2005-12-23,6.78
2005-12-22,6.80
2005-12-21,6.80
2005-12-20,6.80
2005-12-19,6.80
2005-12-17,6.80
2005-12-15,6.82
2005-12-14,6.82
2005-12-13,6.82
2005-12-12,6.82
2005-12-10,6.82
2005-12-09,6.82
2005-12-08,6.87
2005-12-07,6.87
2005-12-06,6.87
2005-12-05,6.87
2005-12-03,6.87
2005-12-02,6.87
2005-12-01,6.89
2005-11-30,6.89
2005-11-29,6.89
2005-11-28,6.89
2005-11-26,6.89
2005-11-25,6.89
2005-11-24,6.97
2005-11-23,6.97
2005-11-22,6.97
2005-11-21,6.97
2005-11-19,6.97
2005-11-18,6.97
2005-11-17,6.86
2005-11-16,6.86
2005-11-15,6.86
2005-11-14,6.86
2005-11-12,6.86
2005-11-11,6.86
2005-11-10,6.85
2005-11-09,6.85
2005-11-08,6.85
2005-11-07,6.85
2005-11-05,6.85
2005-11-04,6.85
2005-11-03,6.84
2005-11-02,6.84
2005-11-01,6.84
2005-10-31,6.84
2005-10-29,6.84
2005-10-28,6.84
2005-10-27,6.78
2005-10-26,6.78
2005-10-25,6.78
2005-10-24,6.78
2005-10-22,6.78
2005-10-21,6.78
2005-10-20,6.79
2005-10-19,6.79
2005-10-18,6.79
2005-10-17,6.79
2005-10-15,6.79
2005-10-14,6.79
2005-10-13,6.79
2005-10-12,6.79
2005-10-11,6.79
2005-10-10,6.79
2005-10-08,6.79
2005-10-07,6.79
2005-10-06,6.79
2005-10-05,6.79
2005-10-04,6.79
2005-10-03,6.79
2005-10-01,6.79
2005-09-30,6.79
2005-09-29,6.75
2005-09-28,6.75
2005-09-27,6.75
2005-09-26,6.75
2005-09-23,6.75
2005-09-22,6.74
2005-09-21,6.74
2005-09-20,6.74
2005-09-19,6.74
2005-09-17,6.74
2005-09-16,6.74
2005-09-15,6.74
2005-09-14,6.74
2005-09-13,6.74
2005-09-12,6.74
2005-09-10,6.74
2005-09-09,6.74
2005-09-08,6.72
2005-09-07,6.72
2005-09-06,6.72
2005-09-05,6.72
2005-09-03,6.72
2005-09-02,6.72
2005-09-01,6.71
2005-08-31,6.71
2005-08-30,6.71
2005-08-29,6.71
2005-08-27,6.71
2005-08-26,6.71
2005-08-25,6.72
2005-08-24,6.72
2005-08-23,6.72
2005-08-22,6.72
2005-08-20,6.72
2005-08-19,6.72
2005-08-18,6.72
2005-08-17,6.72
2005-08-16,6.72
2005-08-15,6.72
2005-08-13,6.72
2005-08-12,6.72
2005-08-11,6.72
2005-08-10,6.72
2005-08-08,6.72
2005-08-06,6.72
2005-08-05,6.72
2005-08-04,6.73
2005-08-03,6.73
2005-08-02,6.73
2005-08-01,6.73
2005-07-30,6.73
2005-07-29,6.73
2005-07-28,6.73
2005-07-27,6.73
2005-07-26,6.73
2005-07-25,6.73
2005-07-23,6.73
2005-07-22,6.73
2005-07-21,6.72
2005-07-20,6.72
2005-07-19,6.72
2005-07-18,6.72
2005-07-16,6.72
2005-07-15,6.72
2005-07-14,6.74
2005-07-13,6.74
2005-07-12,6.74
2005-07-11,6.74
2005-07-09,6.74
2005-07-08,6.74
2005-07-07,6.75
2005-07-06,6.75
2005-07-05,6.75
2005-07-04,6.75
2005-07-02,6.75
2005-07-01,6.75
2005-06-30,6.76
2005-06-29,6.76
2005-06-28,6.76
2005-06-27,6.76
2005-06-25,6.76
2005-06-24,6.76
2005-06-23,6.76
2005-06-22,6.76
2005-06-21,6.76
2005-06-20,6.76
2005-06-18,6.76
2005-06-17,6.76
2005-06-15,6.76
2005-06-14,6.76
2005-06-13,6.76
2005-06-11,6.76
2005-06-10,6.76
2005-06-09,6.75
2005-06-08,6.75
2005-06-07,6.75
2005-06-06,6.75
2005-06-04,6.75
2005-06-03,6.75
2005-06-02,6.76
2005-06-01,6.76
2005-05-31,6.76
2005-05-30,6.76
2005-05-28,6.76
2005-05-27,6.76
2005-05-26,6.75
2005-05-25,6.75
2005-05-24,6.75
2005-05-23,6.75
2005-05-21,6.75
2005-05-20,6.75
2005-05-19,6.75
2005-05-18,6.75
2005-05-17,6.75
2005-05-16,6.75
2005-05-14,6.75
2005-05-13,6.75
2005-05-12,6.75
2005-05-11,6.75
2005-05-10,6.75
2005-05-09,6.75
2005-05-07,6.75
2005-05-06,6.75
2005-05-05,6.73
2005-05-04,6.73
2005-05-03,6.73
2005-04-30,6.73
2005-04-29,6.73
2005-04-28,6.71
2005-04-26,6.71
2005-04-25,6.71
2005-04-23,6.71
2005-04-22,6.71
2005-04-21,6.75
2005-04-20,6.75
2005-04-19,6.75
2005-04-18,6.75
2005-04-16,6.75
2005-04-15,6.75
2005-04-14,7.21
2005-04-13,7.21
2005-04-12,7.21
2005-04-11,7.21
2005-04-09,7.21
2005-04-08,7.21
2005-04-07,7.17
2005-04-06,7.17
2005-04-05,7.17
2005-04-04,7.17
2005-04-02,7.17
2005-04-01,7.17
2005-03-31,7.17
2005-03-30,7.17
2005-03-29,7.17
2005-03-26,7.17
2005-03-24,7.17
2005-03-23,7.20
2005-03-22,7.20
2005-03-19,7.20
2005-03-18,7.20
2005-03-17,7.20
2005-03-16,7.20
2005-03-15,7.20
2005-03-14,7.20
2005-03-12,7.20
2005-03-11,7.20
2005-03-10,7.21
2005-03-09,7.21
2005-03-08,7.21
2005-03-07,7.21
2005-03-05,7.21
2005-03-04,7.21
2005-03-03,7.20
2005-03-02,7.20
2005-03-01,7.20
2005-02-28,7.20
2005-02-26,7.20
2005-02-25,7.20
2005-02-24,7.21
2005-02-23,7.21
2005-02-22,7.21
2005-02-21,7.21
2005-02-19,7.21
2005-02-18,7.21
2005-02-17,7.25
2005-02-16,7.25
2005-02-15,7.25
2005-02-14,7.25
2005-02-12,7.25
2005-02-11,7.25
2005-02-10,7.23
2005-02-09,7.23
2005-02-08,7.23
2005-02-07,7.23
2005-02-05,7.23
2005-02-04,7.23
2005-02-03,7.24
2005-02-02,7.24
2005-02-01,7.24
2005-01-31,7.24
2005-01-29,7.24
2005-01-28,7.24
2005-01-27,7.27
2005-01-26,7.27
2005-01-25,7.27
2005-01-24,7.27
2005-01-22,7.27
2005-01-21,7.27
2005-01-20,7.29
2005-01-19,7.29
2005-01-18,7.29
2005-01-17,7.29
2005-01-15,7.29
2005-01-14,7.29
2005-01-13,7.30
2005-01-12,7.30
2005-01-11,7.30
2005-01-10,7.30
2005-01-08,7.30
2005-01-07,7.30
2005-01-06,7.32
2005-01-05,7.32
2005-01-04,7.32
2005-01-03,7.32
2004-12-31,7.32
2004-12-30,7.32
2004-12-29,7.32
2004-12-28,7.32
2004-12-24,7.32
2004-12-23,7.30
2004-12-22,7.30
2004-12-21,7.30
2004-12-20,7.30
2004-12-18,7.30
2004-12-17,7.30
2004-12-15,7.28
2004-12-14,7.28
2004-12-13,7.28
2004-12-11,7.28
2004-12-10,7.28
2004-12-09,7.23
2004-12-08,7.23
2004-12-07,7.23
2004-12-06,7.23
2004-12-04,7.23
2004-12-03,7.23
2004-12-02,7.20
2004-12-01,7.20
2004-11-30,7.20
2004-11-29,7.20
2004-11-27,7.20
2004-11-26,7.20
2004-11-25,7.23
2004-11-24,7.23
2004-11-23,7.23
2004-11-22,7.23
2004-11-20,7.23
2004-11-19,7.23
2004-11-18,7.27
2004-11-17,7.27
2004-11-16,7.27
2004-11-15,7.27
2004-11-13,7.27
2004-11-12,7.27
2004-11-11,7.27
2004-11-10,7.27
2004-11-09,7.27
2004-11-08,7.27
2004-11-06,7.27
2004-11-05,7.27
2004-11-04,7.28
2004-11-03,7.28
2004-11-02,7.28
2004-11-01,7.28
2004-10-30,7.28
2004-10-29,7.28
2004-10-28,7.31
2004-10-27,7.31
2004-10-26,7.31
2004-10-25,7.31
2004-10-23,7.31
2004-10-22,7.31
2004-10-21,7.29
2004-10-20,7.29
2004-10-19,7.29
2004-10-18,7.29
2004-10-16,7.29
2004-10-15,7.29
2004-10-14,7.30
2004-10-13,7.30
2004-10-12,7.30
2004-10-11,7.30
2004-10-09,7.30
2004-10-08,7.30
2004-10-07,7.20
2004-10-06,7.20
2004-10-05,7.20
2004-10-04,7.20
2004-10-02,7.20
2004-10-01,7.20
2004-09-30,7.10
2004-09-29,7.10
2004-09-28,7.10
2004-09-27,7.10
2004-09-25,7.10
2004-09-23,7.10
2004-09-22,7.11
2004-09-21,7.11
2004-09-20,7.11
2004-09-18,7.11
2004-09-17,7.11
2004-09-16,7.13
2004-09-15,7.13
2004-09-14,7.13
2004-09-13,7.13
2004-09-11,7.13
2004-09-10,7.13
2004-09-09,7.13
2004-09-08,7.13
2004-09-07,7.13
2004-09-06,7.13
2004-09-04,7.13
2004-09-03,7.13
2004-09-02,7.15
2004-09-01,7.15
2004-08-31,7.15
2004-08-30,7.15
2004-08-28,7.15
2004-08-27,7.15
2004-08-26,7.24
2004-08-25,7.24
2004-08-24,7.24
2004-08-23,7.24
2004-08-21,7.24
2004-08-20,7.24
2004-08-19,7.20
2004-08-18,7.20
2004-08-17,7.20
2004-08-16,7.20
2004-08-14,7.20
2004-08-13,7.20
2004-08-12,7.88
2004-08-11,7.88
2004-08-10,7.88
2004-08-07,7.88
2004-08-06,7.88
2004-08-05,7.87
2004-08-04,7.87
2004-08-03,7.87
2004-08-02,7.87
2004-07-31,7.87
2004-07-30,7.87
2004-07-29,7.91
2004-07-28,7.91
2004-07-27,7.91
2004-07-26,7.91
2004-07-24,7.91
2004-07-23,7.91
2004-07-22,7.90
2004-07-21,7.90
2004-07-20,7.90
2004-07-19,7.90
2004-07-17,7.90
2004-07-16,7.90
2004-07-15,7.90
2004-07-14,7.90
2004-07-13,7.90
2004-07-12,7.90
2004-07-10,7.90
2004-07-09,7.90
2004-07-08,7.86
2004-07-07,7.86
2004-07-06,7.86
2004-07-05,7.86
2004-07-03,7.86
2004-07-02,7.86
2004-07-01,7.87
2004-06-30,7.87
2004-06-29,7.87
2004-06-28,7.87
2004-06-26,7.87
2004-06-25,7.87
2004-06-24,7.87
2004-06-23,7.87
2004-06-22,7.87
2004-06-21,7.87
2004-06-19,7.87
2004-06-18,7.87
2004-06-17,7.84
2004-06-15,7.84
2004-06-14,7.84
2004-06-12,7.84
2004-06-11,7.84
2004-06-10,7.80
2004-06-09,7.80
2004-06-08,7.80
2004-06-07,7.80
2004-06-05,7.80
2004-06-04,7.80
2004-06-03,7.75
2004-06-02,7.75
2004-06-01,7.75
2004-05-31,7.75
2004-05-29,7.75
2004-05-28,7.75
2004-05-27,7.73
2004-05-26,7.73
2004-05-25,7.73
2004-05-24,7.73
2004-05-22,7.73
2004-05-21,7.73
2004-05-20,7.71
2004-05-19,7.71
2004-05-18,7.71
2004-05-17,7.71
2004-05-15,7.71
2004-05-14,7.71
2004-05-13,7.69
2004-05-12,7.69
2004-05-11,7.69
2004-05-10,7.69
2004-05-08,7.69
2004-05-07,7.69
2004-05-06,7.69
2004-05-05,7.69
2004-05-04,7.69
2004-05-03,7.69
2004-04-30,7.69
2004-04-29,7.71
2004-04-28,7.71
2004-04-26,7.71
2004-04-24,7.71
2004-04-23,7.71
2004-04-22,7.77
2004-04-21,7.77
2004-04-20,7.77
2004-04-19,7.77
2004-04-17,7.77
2004-04-16,7.77
2004-04-15,7.78
2004-04-13,7.78
2004-04-10,7.78
2004-04-08,7.78
2004-04-07,7.83
2004-04-06,7.83
2004-04-05,7.83
2004-04-03,7.83
2004-04-02,7.83
2004-04-01,7.80
2004-03-31,7.80
2004-03-30,7.80
2004-03-29,7.80
2004-03-27,7.80
2004-03-26,7.80
2004-03-25,7.78
2004-03-24,7.78
2004-03-23,7.78
2004-03-20,7.78
2004-03-19,7.78
2004-03-18,7.71
2004-03-17,7.71
2004-03-16,7.71
2004-03-15,7.71
2004-03-13,7.71
2004-03-12,7.71
2004-03-11,7.70
2004-03-10,7.70
2004-03-09,7.70
2004-03-08,7.70
2004-03-06,7.70
2004-03-05,7.70
2004-03-04,7.58
2004-03-03,7.58
2004-03-02,7.58
2004-03-01,7.58
2004-02-28,7.58
2004-02-27,7.58
2004-02-26,7.46
2004-02-25,7.46
2004-02-24,7.46
2004-02-23,7.46
2004-02-21,7.46
2004-02-20,7.46
2004-02-19,7.48
2004-02-18,7.48
2004-02-17,7.48
2004-02-16,7.48
2004-02-14,7.48
2004-02-13,7.48
2004-02-12,7.52
2004-02-11,7.52
2004-02-10,7.52
2004-02-09,7.52
2004-02-07,7.52
2004-02-06,7.52
2004-02-05,7.56
2004-02-04,7.56
2004-02-03,7.56
2004-02-02,7.56
2004-01-31,7.56
2004-01-30,7.56
2004-01-29,7.60
2004-01-28,7.60
2004-01-27,7.60
2004-01-26,7.60
2004-01-24,7.60
2004-01-23,7.60
2004-01-22,7.64
2004-01-21,7.64
2004-01-20,7.64
2004-01-19,7.64
2004-01-17,7.64
2004-01-16,7.64
2004-01-15,7.62
2004-01-14,7.62
2004-01-13,7.62
2004-01-12,7.62
2004-01-10,7.62
2004-01-09,7.62
2004-01-08,7.56
2004-01-07,7.56
2004-01-06,7.56
2004-01-05,7.56
2004-01-03,7.56
2004-01-02,7.56
2003-12-31,7.54
2003-12-30,7.54
2003-12-29,7.54
2003-12-27,7.54
2003-12-24,7.54
2003-12-23,7.49
2003-12-22,7.49
2003-12-20,7.49
2003-12-19,7.49
2003-12-18,7.40
2003-12-17,7.40
2003-12-15,7.40
2003-12-13,7.40
2003-12-12,7.40
2003-12-11,7.02
2003-12-10,7.02
2003-12-09,7.02
2003-12-08,7.02
2003-12-06,7.02
2003-12-05,7.02
2003-12-04,7.14
2003-12-03,7.14
2003-12-02,7.14
2003-12-01,7.14
2003-11-29,7.14
2003-11-28,7.14
2003-11-27,7.45
2003-11-26,7.45
2003-11-25,7.45
2003-11-24,7.45
2003-11-22,7.45
2003-11-21,7.45
2003-11-20,7.86
2003-11-19,7.86
2003-11-18,7.86
2003-11-17,7.86
2003-11-15,7.86
2003-11-14,7.86
2003-11-13,7.86
2003-11-12,7.86
2003-11-11,7.86
2003-11-10,7.86
2003-11-08,7.86
2003-11-07,7.86
2003-11-06,7.81
2003-11-05,7.81
2003-11-04,7.81
2003-11-03,7.81
2003-11-01,7.81
2003-10-31,7.81
2003-10-30,7.80
2003-10-29,7.80
2003-10-28,7.80
2003-10-27,7.80
2003-10-25,7.80
2003-10-24,7.80
2003-10-23,7.88
2003-10-22,7.88
2003-10-21,7.88
2003-10-20,7.88
2003-10-18,7.88
2003-10-17,7.88
2003-10-16,8.41
2003-10-15,8.41
2003-10-14,8.41
2003-10-13,8.41
2003-10-11,8.41
2003-10-10,8.41
2003-10-09,8.68
2003-10-08,8.68
2003-10-07,8.68
2003-10-06,8.68
2003-10-04,8.68
2003-10-03,8.68
2003-10-02,8.81
2003-10-01,8.81
2003-09-30,8.81
2003-09-29,8.81
2003-09-27,8.81
2003-09-26,8.81
2003-09-25,8.97
2003-09-23,8.97
2003-09-22,8.97
2003-09-20,8.97
2003-09-19,8.97
2003-09-18,9.21
2003-09-17,9.21
2003-09-16,9.21
2003-09-15,9.21
2003-09-13,9.21
2003-09-12,9.21
2003-09-11,10.04
2003-09-10,10.04
2003-09-09,10.04
2003-09-08,10.04
2003-09-06,10.04
2003-09-05,10.04
2003-09-04,9.96
2003-09-03,9.96
2003-09-02,9.96
2003-09-01,9.96
2003-08-30,9.96
2003-08-29,9.96
2003-08-28,10.00
2003-08-27,10.00
2003-08-26,10.00
2003-08-25,10.00
2003-08-23,10.00
2003-08-22,10.00
2003-08-21,10.18
2003-08-20,10.18
2003-08-19,10.18
2003-08-18,10.18
2003-08-16,10.18
2003-08-15,10.18
2003-08-14,10.28
2003-08-13,10.28
2003-08-12,10.28
2003-08-11,10.28
2003-08-09,10.28
2003-08-08,10.28
2003-08-07,10.63
2003-08-06,10.63
2003-08-05,10.63
2003-08-04,10.63
2003-08-02,10.63
2003-08-01,10.63
2003-07-31,10.74
2003-07-30,10.74
2003-07-29,10.74
2003-07-28,10.74
2003-07-26,10.74
2003-07-25,10.74
2003-07-24,11.11
2003-07-23,11.11
2003-07-22,11.11
2003-07-21,11.11
2003-07-19,11.11
2003-07-18,11.11
2003-07-17,11.03
2003-07-16,11.03
2003-07-15,11.03
2003-07-14,11.03
2003-07-12,11.03
2003-07-11,11.03
2003-07-10,10.80
2003-07-09,10.80
2003-07-08,10.80
2003-07-07,10.80
2003-07-05,10.80
2003-07-04,10.80
2003-07-03,10.68
2003-07-02,10.68
2003-07-01,10.68
2003-06-30,10.68
2003-06-28,10.68
2003-06-27,10.68
2003-06-26,10.78
2003-06-25,10.78
2003-06-24,10.78
2003-06-23,10.78
2003-06-21,10.78
2003-06-20,10.78
2003-06-19,10.94
2003-06-18,10.94
2003-06-17,10.94
2003-06-14,10.94
2003-06-13,10.94
2003-06-12,11.57
2003-06-11,11.57
2003-06-10,11.57
2003-06-09,11.57
2003-06-07,11.57
2003-06-06,11.57
2003-06-05,12.03
2003-06-04,12.03
2003-06-03,12.03
2003-06-02,12.03
2003-05-31,12.03
2003-05-30,12.03
2003-05-29,12.39
2003-05-28,12.39
2003-05-27,12.39
2003-05-26,12.39
2003-05-24,12.39
2003-05-23,12.39
2003-05-22,12.60
2003-05-21,12.60
2003-05-20,12.60
2003-05-19,12.60
2003-05-17,12.60
2003-05-16,12.60
2003-05-15,12.67
2003-05-14,12.67
2003-05-13,12.67
2003-05-12,12.67
2003-05-10,12.67
2003-05-09,12.67
2003-05-08,12.73
2003-05-07,12.73
2003-05-06,12.73
2003-05-05,12.73
2003-05-03,12.73
2003-05-02,12.73
2003-04-30,12.75
2003-04-29,12.75
2003-04-26,12.75
2003-04-25,12.75
2003-04-24,12.76
2003-04-23,12.76
2003-04-22,12.76
2003-04-19,12.76
2003-04-17,12.76
2003-04-16,12.74
2003-04-15,12.74
2003-04-14,12.74
2003-04-12,12.74
2003-04-11,12.74
2003-04-10,12.72
2003-04-09,12.72
2003-04-08,12.72
2003-04-07,12.72
2003-04-05,12.72
2003-04-04,12.72
2003-04-03,12.75
2003-04-02,12.75
2003-04-01,12.75
2003-03-31,12.75
2003-03-29,12.75
2003-03-28,12.75
2003-03-27,12.74
2003-03-26,12.74
2003-03-25,12.74
2003-03-24,12.74
2003-03-22,12.74
2003-03-20,12.74
2003-03-19,12.71
2003-03-18,12.71
2003-03-17,12.71
2003-03-15,12.71
2003-03-14,12.71
2003-03-13,12.74
2003-03-12,12.74
2003-03-11,12.74
2003-03-10,12.74
2003-03-08,12.74
2003-03-07,12.74
2003-03-06,12.73
2003-03-05,12.73
2003-03-04,12.73
2003-03-03,12.73
2003-03-01,12.73
2003-02-28,12.73
2003-02-27,12.73
2003-02-26,12.73
2003-02-25,12.73
2003-02-24,12.73
2003-02-22,12.73
2003-02-21,12.73
2003-02-20,12.74
2003-02-19,12.74
2003-02-18,12.74
2003-02-17,12.74
2003-02-15,12.74
2003-02-14,12.74
2003-02-13,12.60
2003-02-12,12.60
2003-02-11,12.60
2003-02-10,12.60
2003-02-08,12.60
2003-02-07,12.60
2003-02-06,12.38
2003-02-05,12.38
2003-02-04,12.38
2003-02-03,12.38
2003-02-01,12.38
2003-01-31,12.38
2003-01-30,12.23
2003-01-29,12.23
2003-01-28,12.23
2003-01-27,12.23
2003-01-25,12.23
2003-01-24,12.23
2003-01-23,12.35
2003-01-22,12.35
2003-01-21,12.35
2003-01-20,12.35
2003-01-18,12.35
2003-01-17,12.35
2003-01-16,12.37
2003-01-15,12.37
2003-01-14,12.37
2003-01-13,12.37
2003-01-11,12.37
2003-01-10,12.37
2003-01-09,12.41
2003-01-08,12.41
2003-01-07,12.41
2003-01-06,12.41
2003-01-04,12.41
2003-01-03,12.41
2003-01-02,12.42
2002-12-31,12.42
2002-12-30,12.42
2002-12-28,12.42
2002-12-27,12.42
2002-12-24,12.29
2002-12-23,12.29
2002-12-21,12.29
2002-12-20,12.29
2002-12-19,12.23
2002-12-18,12.23
2002-12-17,12.23
2002-12-14,12.23
2002-12-13,12.23
2002-12-12,12.17
2002-12-11,12.17
2002-12-10,12.17
2002-12-09,12.17
2002-12-07,12.17
2002-12-06,12.17
2002-12-05,12.28
2002-12-04,12.28
2002-12-03,12.28
2002-12-02,12.28
2002-11-30,12.28
2002-11-29,12.28
2002-11-28,12.26
2002-11-27,12.26
2002-11-26,12.26
2002-11-25,12.26
2002-11-23,12.26
2002-11-22,12.26
2002-11-21,11.98
2002-11-20,11.98
2002-11-19,11.98
2002-11-18,11.98
2002-11-16,11.98
2002-11-15,11.98
2002-11-14,12.08
2002-11-13,12.08
2002-11-12,12.08
2002-11-11,12.08
2002-11-09,12.08
2002-11-08,12.08
2002-11-07,12.32
2002-11-06,12.32
2002-11-05,12.32
2002-11-04,12.32
2002-11-02,12.32
2002-11-01,12.32
2002-10-31,12.49
2002-10-30,12.49
2002-10-29,12.49
2002-10-28,12.49
2002-10-26,12.49
2002-10-25,12.49
2002-10-24,12.61
2002-10-23,12.61
2002-10-22,12.61
2002-10-21,12.61
2002-10-19,12.61
2002-10-18,12.61
2002-10-17,12.67
2002-10-16,12.67
2002-10-15,12.67
2002-10-14,12.67
2002-10-12,12.67
2002-10-11,12.67
2002-10-10,12.78
2002-10-09,12.78
2002-10-08,12.78
2002-10-07,12.78
2002-10-05,12.78
2002-10-04,12.78
2002-10-03,12.41
2002-10-02,12.41
2002-10-01,12.41
2002-09-30,12.41
2002-09-28,12.41
2002-09-27,12.41
2002-09-26,12.37
2002-09-25,12.37
2002-09-23,12.37
2002-09-21,12.37
2002-09-20,12.37
2002-09-19,12.21
2002-09-18,12.21
2002-09-17,12.21
2002-09-16,12.21
2002-09-14,12.21
2002-09-13,12.21
2002-09-12,11.90
2002-09-11,11.90
2002-09-10,11.90
2002-09-09,11.90
2002-09-07,11.90
2002-09-06,11.90
2002-09-05,11.73
2002-09-04,11.73
2002-09-03,11.73
2002-09-02,11.73
2002-08-31,11.73
2002-08-30,11.73
2002-08-29,11.55
2002-08-28,11.55
2002-08-27,11.55
2002-08-26,11.55
2002-08-24,11.55
2002-08-23,11.55
2002-08-22,11.37
2002-08-21,11.37
2002-08-20,11.37
2002-08-19,11.37
2002-08-17,11.37
2002-08-16,11.37
2002-08-15,11.35
2002-08-14,11.35
2002-08-13,11.35
2002-08-12,11.35
2002-08-10,11.35
2002-08-08,11.35
2002-08-07,11.35
2002-08-06,11.35
2002-08-05,11.35
2002-08-03,11.35
2002-08-02,11.35
2002-08-01,11.35
2002-07-31,11.35
2002-07-30,11.35
2002-07-29,11.35
2002-07-27,11.35
2002-07-26,11.35
2002-07-25,11.35
2002-07-24,11.35
2002-07-23,11.35
2002-07-22,11.35
2002-07-20,11.35
2002-07-19,11.35
2002-07-18,11.35
2002-07-17,11.35
2002-07-16,11.35
2002-07-15,11.35
2002-07-13,11.35
2002-07-12,11.35
2002-07-11,11.39
2002-07-10,11.39
2002-07-09,11.39
2002-07-08,11.39
2002-07-06,11.39
2002-07-05,11.39
2002-07-04,11.42
2002-07-03,11.42
2002-07-02,11.42
2002-07-01,11.42
2002-06-29,11.42
2002-06-28,11.42
2002-06-27,11.48
2002-06-26,11.48
2002-06-25,11.48
2002-06-24,11.48
2002-06-22,11.48
2002-06-21,11.48
2002-06-20,11.50
2002-06-19,11.50
2002-06-18,11.50
2002-06-15,11.50
2002-06-14,11.50
2002-06-13,11.39
2002-06-12,11.39
2002-06-11,11.39
2002-06-10,11.39
2002-06-08,11.39
2002-06-07,11.39
2002-06-06,11.39
2002-06-05,11.39
2002-06-04,11.39
2002-06-03,11.39
2002-06-01,11.39
2002-05-31,11.39
2002-05-30,11.38
2002-05-29,11.38
2002-05-28,11.38
2002-05-27,11.38
2002-05-25,11.38
2002-05-24,11.38
2002-05-23,11.24
2002-05-22,11.24
2002-05-21,11.24
2002-05-20,11.24
2002-05-18,11.24
2002-05-17,11.24
2002-05-16,11.01
2002-05-15,11.01
2002-05-14,11.01
2002-05-13,11.01
2002-05-11,11.01
2002-05-10,11.01
2002-05-09,10.99
2002-05-08,10.99
2002-05-07,10.99
2002-05-06,10.99
2002-05-04,10.99
2002-05-03,10.99
2002-05-02,10.96
2002-04-30,10.96
2002-04-29,10.96
2002-04-27,10.96
2002-04-26,10.96
2002-04-25,10.63
2002-04-24,10.63
2002-04-23,10.63
2002-04-22,10.63
2002-04-20,10.63
2002-04-19,10.63
2002-04-18,10.53
2002-04-17,10.53
2002-04-16,10.53
2002-04-15,10.53
2002-04-13,10.53
2002-04-12,10.53
2002-04-11,10.48
2002-04-10,10.48
2002-04-09,10.48
2002-04-08,10.48
2002-04-06,10.48
2002-04-05,10.48
2002-04-04,10.44
2002-04-03,10.44
2002-04-02,10.44
2002-03-30,10.44
2002-03-28,10.44
2002-03-27,10.24
2002-03-26,10.24
2002-03-25,10.24
2002-03-23,10.24
2002-03-22,10.24
2002-03-20,10.10
2002-03-19,10.10
2002-03-18,10.10
2002-03-16,10.10
2002-03-15,10.10
2002-03-14,9.68
2002-03-13,9.68
2002-03-12,9.68
2002-03-11,9.68
2002-03-09,9.68
2002-03-08,9.68
2002-03-07,9.56
2002-03-06,9.56
2002-03-05,9.56
2002-03-04,9.56
2002-03-02,9.56
2002-03-01,9.56
2002-02-28,9.51
2002-02-27,9.51
2002-02-26,9.51
2002-02-25,9.51
2002-02-23,9.51
2002-02-22,9.51
2002-02-21,9.45
2002-02-20,9.45
2002-02-19,9.45
2002-02-18,9.45
2002-02-16,9.45
2002-02-15,9.45
2002-02-14,9.30
2002-02-13,9.30
2002-02-12,9.30
2002-02-11,9.30
2002-02-09,9.30
2002-02-08,9.30
2002-02-07,9.45
2002-02-06,9.45
2002-02-05,9.45
2002-02-04,9.45
2002-02-02,9.45
2002-02-01,9.45
2002-01-31,9.51
2002-01-30,9.51
2002-01-29,9.51
2002-01-28,9.51
2002-01-26,9.51
2002-01-25,9.51
2002-01-24,9.52
2002-01-23,9.52
2002-01-22,9.52
2002-01-21,9.52
2002-01-19,9.52
2002-01-18,9.52
2002-01-17,9.27
2002-01-16,9.27
2002-01-15,9.27
2002-01-14,9.27
2002-01-12,9.27
2002-01-11,9.27
2002-01-10,9.44
2002-01-09,9.44
2002-01-08,9.44
2002-01-07,9.44
2002-01-05,9.44
2002-01-04,9.44
2002-01-03,9.47
2002-01-02,9.47
2001-12-31,9.47
2001-12-29,9.47
2001-12-28,9.47
2001-12-27,9.40
2001-12-24,9.40
2001-12-22,9.40
2001-12-21,9.40
2001-12-20,9.28
2001-12-19,9.28
2001-12-18,9.28
2001-12-15,9.28
2001-12-14,9.28
2001-12-13,9.10
2001-12-12,9.10
2001-12-11,9.10
2001-12-10,9.10
2001-12-08,9.10
2001-12-07,9.10
2001-12-06,8.94
2001-12-05,8.94
2001-12-04,8.94
2001-12-03,8.94
2001-12-01,8.94
2001-11-30,8.94
2001-11-29,8.77
2001-11-28,8.77
2001-11-27,8.77
2001-11-26,8.77
2001-11-24,8.77
2001-11-23,8.77
2001-11-22,8.73
2001-11-21,8.73
2001-11-20,8.73
2001-11-19,8.73
2001-11-17,8.73
2001-11-16,8.73
2001-11-15,8.66
2001-11-14,8.66
2001-11-13,8.66
2001-11-12,8.66
2001-11-10,8.66
2001-11-09,8.66
2001-11-08,8.83
2001-11-07,8.83
2001-11-06,8.83
2001-11-05,8.83
2001-11-03,8.83
2001-11-02,8.83
2001-11-01,8.85
2001-10-31,8.85
2001-10-30,8.85
2001-10-29,8.85
2001-10-27,8.85
2001-10-26,8.85
2001-10-25,8.85
2001-10-24,8.85
2001-10-23,8.85
2001-10-22,8.85
2001-10-20,8.85
2001-10-19,8.85
2001-10-18,8.87
2001-10-17,8.87
2001-10-16,8.87
2001-10-15,8.87
2001-10-13,8.87
2001-10-12,8.87
2001-10-11,8.88
2001-10-10,8.88
2001-10-09,8.88
2001-10-08,8.88
2001-10-06,8.88
2001-10-05,8.88
2001-10-04,8.89
2001-10-03,8.89
2001-10-02,8.89
2001-10-01,8.89
2001-09-29,8.89
2001-09-28,8.89
2001-09-27,8.97
2001-09-26,8.97
2001-09-25,8.97
2001-09-22,8.97
2001-09-21,8.97
2001-09-20,9.37
2001-09-19,9.37
2001-09-18,9.37
2001-09-17,9.37
2001-09-15,9.37
2001-09-14,9.37
2001-09-13,9.35
2001-09-12,9.35
2001-09-11,9.35
2001-09-10,9.35
2001-09-08,9.35
2001-09-07,9.35
2001-09-06,9.37
2001-09-05,9.37
2001-09-04,9.37
2001-09-03,9.37
2001-09-01,9.37
2001-08-31,9.37
2001-08-30,9.38
2001-08-29,9.38
2001-08-28,9.38
2001-08-27,9.38
2001-08-25,9.38
2001-08-24,9.38
2001-08-23,9.35
2001-08-22,9.35
2001-08-21,9.35
2001-08-20,9.35
2001-08-18,9.35
2001-08-17,9.35
2001-08-16,9.36
2001-08-15,9.36
2001-08-14,9.36
2001-08-13,9.36
2001-08-11,9.36
2001-08-10,9.36
2001-08-08,9.38
2001-08-07,9.38
2001-08-06,9.38
2001-08-04,9.38
2001-08-03,9.38
2001-08-02,9.38
2001-08-01,9.38
2001-07-31,9.38
2001-07-30,9.38
2001-07-28,9.38
2001-07-27,9.38
2001-07-26,9.42
2001-07-25,9.42
2001-07-24,9.42
2001-07-23,9.42
2001-07-21,9.42
2001-07-20,9.42
2001-07-19,9.55
2001-07-18,9.55
2001-07-17,9.55
2001-07-16,9.55
2001-07-14,9.55
2001-07-13,9.55
2001-07-12,9.65
2001-07-11,9.65
2001-07-10,9.65
2001-07-09,9.65
2001-07-07,9.65
2001-07-06,9.65
2001-07-05,9.65
2001-07-04,9.65
2001-07-03,9.65
2001-07-02,9.65
2001-06-30,9.65
2001-06-29,9.65
2001-06-28,9.64
2001-06-27,9.64
2001-06-26,9.64
2001-06-25,9.64
2001-06-23,9.64
2001-06-22,9.64
2001-06-21,9.60
2001-06-20,9.60
2001-06-19,9.60
2001-06-18,9.60
2001-06-15,9.60
2001-06-14,10.37
2001-06-13,10.37
2001-06-12,10.37
2001-06-11,10.37
2001-06-09,10.37
2001-06-08,10.37
2001-06-07,10.38
2001-06-06,10.38
2001-06-05,10.38
2001-06-04,10.38
2001-06-02,10.38
2001-06-01,10.38
2001-05-31,10.36
2001-05-30,10.36
2001-05-29,10.36
2001-05-28,10.36
2001-05-26,10.36
2001-05-25,10.36
2001-05-24,10.36
2001-05-23,10.36
2001-05-22,10.36
2001-05-21,10.36
2001-05-19,10.36
2001-05-18,10.36
2001-05-17,10.40
2001-05-16,10.40
2001-05-15,10.40
2001-05-14,10.40
2001-05-12,10.40
2001-05-11,10.40
2001-05-10,10.40
2001-05-09,10.40
2001-05-08,10.40
2001-05-07,10.40
2001-05-05,10.40
2001-05-04,10.40
2001-05-03,10.40
2001-05-02,10.40
2001-04-30,10.40
2001-04-28,10.40
2001-04-26,10.40
2001-04-25,10.35
2001-04-24,10.35
2001-04-23,10.35
2001-04-21,10.35
2001-04-20,10.35
2001-04-19,10.32
2001-04-18,10.32
2001-04-17,10.32
2001-04-14,10.32
2001-04-12,10.32
2001-04-11,10.33
2001-04-10,10.33
2001-04-09,10.33
2001-04-07,10.33
2001-04-06,10.33
2001-04-05,10.33
2001-04-04,10.32
2001-04-03,10.32
2001-04-02,10.32
2001-03-31,10.32
2001-03-30,10.32
2001-03-29,10.19
2001-03-28,10.19
2001-03-27,10.19
2001-03-26,10.19
2001-03-24,10.19
2001-03-23,10.19
2001-03-22,10.16
2001-03-20,10.16
2001-03-19,10.16
2001-03-17,10.16
2001-03-16,10.16
2001-03-15,10.14
2001-03-14,10.14
2001-03-13,10.14
2001-03-12,10.14
2001-03-10,10.14
2001-03-09,10.14
2001-03-08,10.13
2001-03-07,10.13
2001-03-06,10.13
2001-03-05,10.13
2001-03-03,10.13
2001-03-02,10.13
2001-03-01,10.13
2001-02-28,10.13
2001-02-27,10.13
2001-02-26,10.13
2001-02-24,10.13
2001-02-23,10.13
2001-02-22,10.13
2001-02-21,10.13
2001-02-20,10.13
2001-02-19,10.13
2001-02-17,10.13
2001-02-16,10.13
2001-02-15,10.11
2001-02-14,10.11
2001-02-13,10.11
2001-02-12,10.11
2001-02-10,10.11
2001-02-09,10.11
2001-02-08,10.11
2001-02-07,10.11
2001-02-06,10.11
2001-02-05,10.11
2001-02-03,10.11
2001-02-02,10.11
2001-02-01,10.12
2001-01-31,10.12
2001-01-30,10.12
2001-01-29,10.12
2001-01-27,10.12
2001-01-26,10.12
2001-01-25,10.11
2001-01-24,10.11
2001-01-23,10.11
2001-01-22,10.11
2001-01-20,10.11
2001-01-19,10.11
2001-01-18,10.15
2001-01-17,10.15
2001-01-16,10.15
2001-01-15,10.15
2001-01-13,10.15
2001-01-12,10.15
2001-01-11,10.16
2001-01-10,10.16
2001-01-09,10.16
2001-01-08,10.16
2001-01-06,10.16
2001-01-05,10.16
2001-01-04,10.25
2001-01-03,10.25
2001-01-02,10.25
